Date,TransactionID,Product,Revenue,Expenses
2024-01-01,TX1001,CRM Enterprise Suite,5054.37,3063.86
2024-01-01,TX1002,AI Marketing Agent,2479.84,1717.55
2024-01-01,TX1003,BI Analytics Platform,3903.78,2575.71
2024-01-01,TX1003,AI Marketing Agent,2257.79,1444.53
2024-01-01,TX1004,Elastic VPS Compute Instance,962.64,551.98
2024-01-02,TX1005,Support Premium SLA,1356.85,778.02
2024-01-02,TX1006,Managed Database Storage,599.06,334.7
2024-01-02,TX1007,Consulting Implementation Package,6203.86,4218.17
2024-01-02,TX1008,AI Marketing Agent,1798.33,1151.23
2024-01-02,TX1009,Managed Database Storage,635.14,416.79
2024-01-03,TX1010,CRM Enterprise Suite,3436.03,1900.43
2024-01-03,TX1010,Support Premium SLA,1097.74,763.46
2024-01-03,TX1010,Consulting Implementation Package,5954.51,4018.5
2024-01-03,TX1011,Elastic VPS Compute Instance,676.78,393.79
2024-01-03,TX1011,Managed Database Storage,468.85,270.65
2024-01-04,TX1012,Managed Database Storage,3396.64,1961.6
2024-01-04,TX1013,Support Premium SLA,7021.07,4182.0
2024-01-05,TX1014,CRM Enterprise Suite,1802.72,1133.39
2024-01-05,TX1015,Security Firewall Shield,1205.98,741.43
2024-01-05,TX1016,Serverless GPU Cluster,2524.96,1499.03
2024-01-05,TX1016,Security Firewall Shield,1189.55,763.43
2024-01-05,TX1017,Managed Database Storage,272.64,155.66
2024-01-05,TX1018,Serverless GPU Cluster,2317.33,1376.08
2024-01-05,TX1018,Security Firewall Shield,1076.94,651.5
2024-01-06,TX1019,Managed Database Storage,601.57,372.02
2024-01-06,TX1020,Managed Database Storage,578.36,386.22
2024-01-06,TX1021,CRM Enterprise Suite,3771.88,2187.51
2024-01-06,TX1022,BI Analytics Platform,2866.59,1797.74
2024-01-06,TX1022,AI Marketing Agent,1967.76,1257.13
2024-01-07,TX1023,Security Firewall Shield,8231.86,4584.88
2024-01-07,TX1024,AI Marketing Agent,5691.65,3649.1
2024-01-08,TX1025,Managed Database Storage,1036.42,596.54
2024-01-08,TX1026,CRM Enterprise Suite,5808.24,3251.21
2024-01-08,TX1026,Support Premium SLA,2320.85,1606.8
2024-01-08,TX1027,Elastic VPS Compute Instance,1240.89,862.23
2024-01-08,TX1027,Managed Database Storage,949.05,637.06
2024-01-08,TX1028,Elastic VPS Compute Instance,1230.88,733.23
2024-01-08,TX1028,Managed Database Storage,930.0,525.13
2024-01-09,TX1029,Consulting Implementation Package,3674.34,2398.0
2024-01-09,TX1030,Security Firewall Shield,1599.03,985.04
2024-01-09,TX1031,Elastic VPS Compute Instance,537.51,305.47
2024-01-09,TX1031,Managed Database Storage,340.21,212.39
2024-01-09,TX1032,Consulting Implementation Package,3650.17,2026.42
2024-01-10,TX1033,Security Firewall Shield,2532.86,1738.55
2024-01-10,TX1034,Elastic VPS Compute Instance,974.31,573.69
2024-01-10,TX1035,AI Marketing Agent,2181.87,1416.86
2024-01-10,TX1036,Security Firewall Shield,2686.27,1603.05
2024-01-10,TX1037,Serverless GPU Cluster,5245.9,3294.48
2024-01-11,TX1038,Security Firewall Shield,11972.62,7566.77
2024-01-11,TX1039,Managed Database Storage,2693.77,1556.27
2024-01-12,TX1040,Managed Database Storage,1018.67,708.42
2024-01-12,TX1041,CRM Enterprise Suite,6402.46,4265.77
2024-01-12,TX1041,Support Premium SLA,2422.27,1673.61
2024-01-12,TX1042,AI Marketing Agent,3566.39,2440.21
2024-01-12,TX1043,Security Firewall Shield,3802.78,2432.58
2024-01-13,TX1044,CRM Enterprise Suite,5803.94,3994.74
2024-01-13,TX1045,Elastic VPS Compute Instance,1266.53,713.4
2024-01-13,TX1045,Managed Database Storage,906.19,525.04
2024-01-13,TX1046,AI Marketing Agent,3218.83,1792.19
2024-01-13,TX1047,Managed Database Storage,925.32,554.08
2024-01-13,TX1048,AI Marketing Agent,3359.94,2043.86
2024-01-14,TX1049,Support Premium SLA,1316.42,777.61
2024-01-14,TX1050,CRM Enterprise Suite,3993.22,2692.67
2024-01-14,TX1050,Support Premium SLA,1361.78,821.85
2024-01-14,TX1051,Consulting Implementation Package,7216.2,4273.0
2024-01-15,TX1052,Consulting Implementation Package,6103.92,3854.04
2024-01-15,TX1053,Security Firewall Shield,2280.07,1302.24
2024-01-15,TX1054,BI Analytics Platform,2678.85,1795.71
2024-01-15,TX1055,AI Marketing Agent,1774.48,995.81
2024-01-16,TX1056,Serverless GPU Cluster,10798.4,7537.64
2024-01-16,TX1057,AI Marketing Agent,4819.76,3209.17
2024-01-17,TX1058,AI Marketing Agent,8113.09,4704.03
2024-01-17,TX1059,Elastic VPS Compute Instance,3179.22,1751.2
2024-01-17,TX1060,Elastic VPS Compute Instance,3061.1,2058.04
2024-01-17,TX1060,Managed Database Storage,2587.07,1697.19
2024-01-18,TX1061,Serverless GPU Cluster,14334.12,9451.22
2024-01-18,TX1062,Managed Database Storage,1928.65,1283.88
2024-01-19,TX1063,Support Premium SLA,1168.74,655.79
2024-01-19,TX1064,CRM Enterprise Suite,3386.15,2044.46
2024-01-19,TX1065,Serverless GPU Cluster,4100.31,2326.44
2024-01-19,TX1065,Security Firewall Shield,1951.74,1326.14
2024-01-19,TX1066,BI Analytics Platform,2502.86,1610.58
2024-01-19,TX1067,AI Marketing Agent,1479.89,887.39
2024-01-20,TX1068,CRM Enterprise Suite,4069.39,2276.96
2024-01-20,TX1068,Support Premium SLA,1486.05,886.65
2024-01-20,TX1068,Consulting Implementation Package,7062.03,4228.58
2024-01-20,TX1069,Security Firewall Shield,2779.91,1833.19
2024-01-21,TX1070,Consulting Implementation Package,5138.84,3317.81
2024-01-21,TX1071,Managed Database Storage,454.69,310.59
2024-01-21,TX1072,Serverless GPU Cluster,3700.19,2297.2
2024-01-21,TX1072,Security Firewall Shield,2010.69,1141.95
2024-01-21,TX1073,Managed Database Storage,495.2,325.34
2024-01-22,TX1074,Managed Database Storage,2157.89,1433.09
2024-01-22,TX1075,Elastic VPS Compute Instance,2931.07,1858.86
2024-01-22,TX1075,Managed Database Storage,2352.1,1565.66
2024-01-22,TX1076,Security Firewall Shield,8261.53,5155.77
2024-01-23,TX1077,AI Marketing Agent,2527.28,1588.17
2024-01-23,TX1078,Consulting Implementation Package,7552.2,4638.04
2024-01-23,TX1079,Consulting Implementation Package,7383.63,4089.15
2024-01-24,TX1080,Serverless GPU Cluster,3797.48,2150.07
2024-01-24,TX1080,Security Firewall Shield,1952.15,1082.89
2024-01-24,TX1081,CRM Enterprise Suite,3053.63,1971.0
2024-01-24,TX1081,Support Premium SLA,1020.38,609.32
2024-01-24,TX1081,Consulting Implementation Package,4824.66,3021.62
2024-01-25,TX1082,Serverless GPU Cluster,3571.78,2450.72
2024-01-25,TX1082,Security Firewall Shield,1950.12,1145.49
2024-01-25,TX1083,Security Firewall Shield,1942.78,1188.12
2024-01-25,TX1084,CRM Enterprise Suite,2816.25,1868.11
2024-01-25,TX1085,Consulting Implementation Package,4831.83,2823.33
2024-01-26,TX1086,BI Analytics Platform,9545.14,5360.04
2024-01-26,TX1086,AI Marketing Agent,5945.31,3528.32
2024-01-26,TX1087,Managed Database Storage,1885.46,1082.6
2024-01-27,TX1088,AI Marketing Agent,1815.67,1251.82
2024-01-27,TX1089,Elastic VPS Compute Instance,692.91,465.09
2024-01-27,TX1089,Managed Database Storage,573.16,369.69
2024-01-27,TX1090,Managed Database Storage,519.49,353.63
2024-01-27,TX1091,Elastic VPS Compute Instance,702.52,471.08
2024-01-27,TX1091,Managed Database Storage,472.45,273.07
2024-01-27,TX1092,CRM Enterprise Suite,3176.22,2172.17
2024-01-27,TX1092,Support Premium SLA,1064.32,671.48
2024-01-27,TX1092,Consulting Implementation Package,6027.88,4045.41
2024-01-28,TX1093,Support Premium SLA,2005.07,1372.3
2024-01-28,TX1094,Elastic VPS Compute Instance,1486.07,888.22
2024-01-28,TX1094,Managed Database Storage,913.03,517.24
2024-01-28,TX1095,BI Analytics Platform,5308.66,3101.27
2024-01-28,TX1096,BI Analytics Platform,5099.24,3131.27
2024-01-28,TX1096,AI Marketing Agent,3576.83,2406.14
2024-01-29,TX1097,Elastic VPS Compute Instance,1045.29,709.87
2024-01-29,TX1098,Serverless GPU Cluster,6117.45,3370.98
2024-01-29,TX1099,Consulting Implementation Package,8760.68,5489.55
2024-01-30,TX1100,Elastic VPS Compute Instance,772.49,473.24
2024-01-30,TX1100,Managed Database Storage,566.38,330.38
2024-01-30,TX1101,CRM Enterprise Suite,3577.3,2031.83
2024-01-30,TX1101,Support Premium SLA,1181.7,709.78
2024-01-30,TX1101,Consulting Implementation Package,6550.06,4528.95
2024-01-30,TX1102,BI Analytics Platform,2989.82,1789.35
2024-01-30,TX1102,AI Marketing Agent,1729.29,1085.68
2024-01-31,TX1103,Managed Database Storage,645.92,423.37
2024-01-31,TX1104,Security Firewall Shield,2845.67,1720.33
2024-01-31,TX1105,Security Firewall Shield,3137.17,2182.74
2024-01-31,TX1106,Elastic VPS Compute Instance,1018.82,707.44
2024-01-31,TX1106,Managed Database Storage,676.3,397.51
2024-01-31,TX1107,BI Analytics Platform,3856.94,2409.0
2024-01-31,TX1107,AI Marketing Agent,2413.7,1436.47
2024-02-01,TX1108,BI Analytics Platform,2075.08,1229.95
2024-02-01,TX1108,AI Marketing Agent,1404.0,779.97
2024-02-01,TX1109,CRM Enterprise Suite,2874.81,1844.0
2024-02-01,TX1109,Support Premium SLA,953.69,596.44
2024-02-01,TX1109,Consulting Implementation Package,4508.09,2514.26
2024-02-01,TX1110,Consulting Implementation Package,4660.01,2757.78
2024-02-02,TX1111,Consulting Implementation Package,12161.24,8345.53
2024-02-02,TX1112,Support Premium SLA,2854.55,1672.58
2024-02-02,TX1113,AI Marketing Agent,3859.76,2206.76
2024-02-03,TX1114,Serverless GPU Cluster,2676.99,1668.88
2024-02-03,TX1114,Security Firewall Shield,1327.2,926.18
2024-02-03,TX1115,CRM Enterprise Suite,1870.58,1096.74
2024-02-03,TX1115,Support Premium SLA,627.0,408.06
2024-02-03,TX1116,CRM Enterprise Suite,2160.47,1435.08
2024-02-03,TX1116,Support Premium SLA,691.98,405.26
2024-02-03,TX1116,Consulting Implementation Package,3558.68,2346.0
2024-02-04,TX1117,Serverless GPU Cluster,4668.06,2824.96
2024-02-04,TX1118,AI Marketing Agent,1713.65,1105.04
2024-02-04,TX1119,CRM Enterprise Suite,4117.22,2655.73
2024-02-04,TX1119,Support Premium SLA,1162.81,733.0
2024-02-04,TX1120,Consulting Implementation Package,6209.43,3499.28
2024-02-04,TX1121,Managed Database Storage,610.11,412.0
2024-02-05,TX1122,Managed Database Storage,973.39,582.2
2024-02-05,TX1123,Security Firewall Shield,4082.92,2359.84
2024-02-05,TX1124,Elastic VPS Compute Instance,1386.27,770.93
2024-02-05,TX1124,Managed Database Storage,974.48,622.34
2024-02-05,TX1125,Security Firewall Shield,4082.01,2659.98
2024-02-06,TX1126,Support Premium SLA,1221.99,675.14
2024-02-06,TX1127,CRM Enterprise Suite,3586.02,2247.77
2024-02-06,TX1127,Support Premium SLA,1104.87,645.22
2024-02-06,TX1127,Consulting Implementation Package,5321.76,3441.99
2024-02-06,TX1128,Serverless GPU Cluster,4233.88,2439.37
2024-02-07,TX1129,Managed Database Storage,564.29,368.84
2024-02-07,TX1130,Managed Database Storage,593.34,360.76
2024-02-07,TX1131,Elastic VPS Compute Instance,809.11,558.7
2024-02-07,TX1131,Managed Database Storage,542.72,309.69
2024-02-07,TX1132,Serverless GPU Cluster,5027.73,3022.47
2024-02-07,TX1132,Security Firewall Shield,2340.53,1327.13
2024-02-07,TX1133,Serverless GPU Cluster,4874.47,3357.07
2024-02-07,TX1133,Security Firewall Shield,2285.25,1557.63
2024-02-08,TX1134,Consulting Implementation Package,4531.32,2667.55
2024-02-08,TX1135,Support Premium SLA,892.21,579.04
2024-02-08,TX1136,BI Analytics Platform,2196.88,1477.58
2024-02-08,TX1136,AI Marketing Agent,1417.08,897.41
2024-02-08,TX1137,Consulting Implementation Package,5155.19,3244.92
2024-02-08,TX1138,Managed Database Storage,450.68,264.22
2024-02-09,TX1139,Security Firewall Shield,13462.94,7592.63
2024-02-09,TX1140,Managed Database Storage,2972.73,2035.08
2024-02-10,TX1141,Elastic VPS Compute Instance,1287.85,882.26
2024-02-10,TX1142,Support Premium SLA,2348.57,1514.75
2024-02-10,TX1143,Elastic VPS Compute Instance,1368.65,822.36
2024-02-10,TX1143,Managed Database Storage,1018.36,613.44
2024-02-10,TX1144,CRM Enterprise Suite,6838.11,4505.59
2024-02-10,TX1144,Support Premium SLA,2070.19,1417.18
2024-02-10,TX1145,AI Marketing Agent,3484.23,2379.95
2024-02-11,TX1146,Serverless GPU Cluster,6242.78,4163.82
2024-02-11,TX1146,Security Firewall Shield,2964.1,1915.71
2024-02-11,TX1147,Managed Database Storage,857.61,482.51
2024-02-11,TX1148,CRM Enterprise Suite,4833.92,2775.85
2024-02-11,TX1148,Support Premium SLA,1598.61,1094.7
2024-02-12,TX1149,Security Firewall Shield,5348.42,3428.15
2024-02-12,TX1150,BI Analytics Platform,6652.8,3668.22
2024-02-13,TX1151,AI Marketing Agent,1854.8,1048.37
2024-02-13,TX1152,CRM Enterprise Suite,3409.49,2214.55
2024-02-13,TX1152,Support Premium SLA,1107.26,609.83
2024-02-13,TX1153,Security Firewall Shield,2213.95,1271.08
2024-02-13,TX1154,CRM Enterprise Suite,3375.06,2134.08
2024-02-13,TX1154,Support Premium SLA,1170.32,765.14
2024-02-13,TX1155,CRM Enterprise Suite,3332.04,2158.48
2024-02-13,TX1155,Support Premium SLA,1107.16,646.18
2024-02-14,TX1156,Serverless GPU Cluster,3611.2,2371.93
2024-02-14,TX1156,Security Firewall Shield,2076.31,1215.86
2024-02-14,TX1157,Elastic VPS Compute Instance,700.54,419.49
2024-02-14,TX1157,Managed Database Storage,515.96,341.55
2024-02-14,TX1158,Consulting Implementation Package,5502.13,3562.33
2024-02-14,TX1159,Managed Database Storage,467.09,316.4
2024-02-14,TX1160,Consulting Implementation Package,5166.2,3351.01
2024-02-15,TX1161,BI Analytics Platform,11794.65,7492.51
2024-02-15,TX1162,Support Premium SLA,4431.53,2499.61
2024-02-16,TX1163,Managed Database Storage,1855.33,1122.77
2024-02-16,TX1164,Elastic VPS Compute Instance,2618.84,1544.54
2024-02-16,TX1164,Managed Database Storage,2002.01,1174.38
2024-02-16,TX1165,BI Analytics Platform,9477.31,6595.75
2024-02-17,TX1166,AI Marketing Agent,1880.49,1145.15
2024-02-17,TX1167,Managed Database Storage,644.47,440.69
2024-02-17,TX1168,CRM Enterprise Suite,4101.75,2644.28
2024-02-17,TX1169,CRM Enterprise Suite,4134.59,2766.96
2024-02-17,TX1169,Support Premium SLA,1431.89,895.5
2024-02-17,TX1170,CRM Enterprise Suite,3900.46,2482.78
2024-02-18,TX1171,Support Premium SLA,914.56,570.57
2024-02-18,TX1172,Consulting Implementation Package,4646.23,2691.5
2024-02-18,TX1173,CRM Enterprise Suite,2625.52,1728.56
2024-02-18,TX1173,Support Premium SLA,846.34,501.13
2024-02-18,TX1174,CRM Enterprise Suite,2699.93,1494.81
2024-02-18,TX1174,Support Premium SLA,1008.21,652.13
2024-02-19,TX1175,Elastic VPS Compute Instance,1414.43,815.51
2024-02-19,TX1175,Managed Database Storage,1155.68,798.65
2024-02-19,TX1176,Consulting Implementation Package,12637.35,8758.81
2024-02-20,TX1177,Elastic VPS Compute Instance,1073.03,737.42
2024-02-20,TX1177,Managed Database Storage,843.76,510.92
2024-02-20,TX1178,Security Firewall Shield,3094.67,1709.24
2024-02-20,TX1179,Serverless GPU Cluster,7001.58,4825.82
2024-02-20,TX1180,CRM Enterprise Suite,5658.76,3475.77
2024-02-20,TX1180,Support Premium SLA,1711.78,1189.68
2024-02-21,TX1181,AI Marketing Agent,4254.12,2954.67
2024-02-21,TX1182,Managed Database Storage,1332.34,903.26
2024-02-21,TX1183,BI Analytics Platform,6686.91,3973.14
2024-02-21,TX1184,Support Premium SLA,2807.2,1706.12
2024-02-21,TX1185,Support Premium SLA,3008.75,2038.94
2024-02-22,TX1186,Support Premium SLA,2604.11,1556.06
2024-02-22,TX1187,CRM Enterprise Suite,7474.34,4300.91
2024-02-22,TX1187,Support Premium SLA,2678.93,1697.16
2024-02-22,TX1188,Security Firewall Shield,4581.51,3163.18
2024-02-23,TX1189,Security Firewall Shield,4520.6,2958.3
2024-02-23,TX1190,BI Analytics Platform,6442.82,4094.47
2024-02-23,TX1191,AI Marketing Agent,4088.12,2308.06
2024-02-24,TX1192,Serverless GPU Cluster,13660.26,8773.32
2024-02-24,TX1193,Managed Database Storage,1569.25,1096.13
2024-02-25,TX1194,AI Marketing Agent,3657.3,2088.36
2024-02-25,TX1195,Support Premium SLA,2157.33,1354.26
2024-02-25,TX1196,BI Analytics Platform,5583.45,3805.71
2024-02-25,TX1196,AI Marketing Agent,3210.19,2122.31
2024-02-25,TX1197,Elastic VPS Compute Instance,1366.75,894.61
2024-02-25,TX1198,Managed Database Storage,1092.19,715.79
2024-02-26,TX1199,AI Marketing Agent,4115.51,2485.45
2024-02-26,TX1200,AI Marketing Agent,4007.77,2380.77
2024-02-26,TX1201,AI Marketing Agent,3989.59,2678.63
2024-02-26,TX1202,AI Marketing Agent,3930.9,2639.67
2024-02-27,TX1203,Consulting Implementation Package,3115.18,2118.51
2024-02-27,TX1204,BI Analytics Platform,1386.11,952.24
2024-02-27,TX1205,CRM Enterprise Suite,1745.5,1093.91
2024-02-27,TX1205,Support Premium SLA,607.36,379.74
2024-02-27,TX1205,Consulting Implementation Package,3133.29,2098.5
2024-02-27,TX1206,Elastic VPS Compute Instance,387.3,250.77
2024-02-27,TX1206,Managed Database Storage,285.75,187.25
2024-02-27,TX1207,CRM Enterprise Suite,1707.14,1142.71
2024-02-27,TX1207,Support Premium SLA,550.9,376.54
2024-02-27,TX1207,Consulting Implementation Package,2940.2,1766.18
2024-02-28,TX1208,CRM Enterprise Suite,3858.01,2339.26
2024-02-28,TX1209,Support Premium SLA,1112.88,627.77
2024-02-28,TX1210,Serverless GPU Cluster,4271.32,2719.73
2024-02-28,TX1211,Consulting Implementation Package,5419.86,3010.14
2024-02-29,TX1212,CRM Enterprise Suite,3511.27,2176.42
2024-02-29,TX1213,Consulting Implementation Package,5780.93,3650.06
2024-02-29,TX1214,Managed Database Storage,523.84,310.63
2024-02-29,TX1215,Serverless GPU Cluster,4495.66,2871.04
2024-02-29,TX1215,Security Firewall Shield,2377.3,1318.39
2024-03-01,TX1216,Support Premium SLA,2052.44,1140.34
2024-03-01,TX1217,Security Firewall Shield,4152.02,2795.93
2024-03-01,TX1218,Support Premium SLA,2164.11,1307.18
2024-03-01,TX1219,AI Marketing Agent,3020.67,1718.94
2024-03-01,TX1220,AI Marketing Agent,2824.05,1774.45
2024-03-02,TX1221,AI Marketing Agent,9183.85,6111.84
2024-03-02,TX1222,Support Premium SLA,5921.84,3448.72
2024-03-03,TX1223,Elastic VPS Compute Instance,2242.36,1442.81
2024-03-03,TX1224,BI Analytics Platform,9409.61,5295.75
2024-03-03,TX1224,AI Marketing Agent,5580.49,3112.53
2024-03-04,TX1225,CRM Enterprise Suite,1433.6,902.74
2024-03-04,TX1225,Support Premium SLA,558.89,352.71
2024-03-04,TX1225,Consulting Implementation Package,2592.8,1673.95
2024-03-04,TX1226,AI Marketing Agent,835.96,550.83
2024-03-04,TX1227,Serverless GPU Cluster,2090.7,1455.92
2024-03-04,TX1227,Security Firewall Shield,1004.43,630.22
2024-03-04,TX1228,Serverless GPU Cluster,1741.89,1042.42
2024-03-04,TX1228,Security Firewall Shield,950.63,636.24
2024-03-04,TX1229,Support Premium SLA,479.23,283.05
2024-03-05,TX1230,Support Premium SLA,1726.81,1063.45
2024-03-05,TX1231,BI Analytics Platform,3549.79,1994.16
2024-03-05,TX1231,AI Marketing Agent,2222.12,1230.62
2024-03-05,TX1232,Serverless GPU Cluster,5693.52,3953.56
2024-03-05,TX1232,Security Firewall Shield,3032.79,2048.34
2024-03-06,TX1233,Serverless GPU Cluster,4013.77,2626.6
2024-03-06,TX1233,Security Firewall Shield,1719.89,1051.44
2024-03-06,TX1234,Managed Database Storage,445.59,256.66
2024-03-06,TX1235,Security Firewall Shield,1746.72,1001.68
2024-03-06,TX1236,Serverless GPU Cluster,3544.1,2082.29
2024-03-06,TX1236,Security Firewall Shield,1702.22,1076.46
2024-03-07,TX1237,Managed Database Storage,641.62,421.67
2024-03-07,TX1238,BI Analytics Platform,3333.65,2163.64
2024-03-07,TX1238,AI Marketing Agent,2022.36,1197.22
2024-03-07,TX1239,CRM Enterprise Suite,4082.64,2830.21
2024-03-08,TX1240,AI Marketing Agent,1553.94,1026.66
2024-03-08,TX1241,Security Firewall Shield,1765.48,1117.82
2024-03-08,TX1242,Serverless GPU Cluster,3930.33,2522.32
2024-03-08,TX1243,AI Marketing Agent,1637.92,1003.95
2024-03-08,TX1244,BI Analytics Platform,2289.44,1344.27
2024-03-08,TX1244,AI Marketing Agent,1526.78,921.25
2024-03-09,TX1245,CRM Enterprise Suite,3995.72,2651.87
2024-03-09,TX1245,Support Premium SLA,1378.67,761.25
2024-03-09,TX1246,BI Analytics Platform,3176.9,1802.61
2024-03-09,TX1247,Elastic VPS Compute Instance,721.82,401.98
2024-03-09,TX1247,Managed Database Storage,520.07,289.22
2024-03-09,TX1248,Security Firewall Shield,2433.96,1651.0
2024-03-09,TX1249,Managed Database Storage,529.34,347.01
2024-03-10,TX1250,Serverless GPU Cluster,5089.77,3161.39
2024-03-10,TX1250,Security Firewall Shield,2945.79,1663.41
2024-03-10,TX1251,Managed Database Storage,698.66,435.78
2024-03-10,TX1252,Consulting Implementation Package,7494.46,4654.22
2024-03-10,TX1253,Managed Database Storage,616.75,355.24
2024-03-11,TX1254,Consulting Implementation Package,11151.86,6859.26
2024-03-11,TX1255,Support Premium SLA,2122.83,1294.45
2024-03-11,TX1256,AI Marketing Agent,3586.17,2303.67
2024-03-12,TX1257,Security Firewall Shield,2981.02,1923.55
2024-03-12,TX1258,Consulting Implementation Package,7251.85,4037.8
2024-03-12,TX1259,Serverless GPU Cluster,5901.69,3577.56
2024-03-12,TX1260,Security Firewall Shield,3116.41,2006.59
2024-03-13,TX1261,Serverless GPU Cluster,5877.17,3676.0
2024-03-13,TX1262,Consulting Implementation Package,7987.67,5419.42
2024-03-14,TX1263,AI Marketing Agent,3877.41,2515.68
2024-03-14,TX1264,BI Analytics Platform,6408.11,3681.08
2024-03-14,TX1264,AI Marketing Agent,3648.98,2045.56
2024-03-15,TX1265,Serverless GPU Cluster,2595.5,1677.63
2024-03-15,TX1265,Security Firewall Shield,1363.04,755.09
2024-03-15,TX1266,CRM Enterprise Suite,2056.02,1311.47
2024-03-15,TX1266,Support Premium SLA,689.49,476.46
2024-03-15,TX1266,Consulting Implementation Package,3087.46,1964.62
2024-03-15,TX1267,BI Analytics Platform,1472.1,895.37
2024-03-15,TX1268,Serverless GPU Cluster,2655.68,1716.88
2024-03-15,TX1269,Managed Database Storage,285.21,176.47
2024-03-16,TX1270,CRM Enterprise Suite,7693.18,4860.88
2024-03-16,TX1270,Support Premium SLA,2314.68,1599.95
2024-03-16,TX1271,Managed Database Storage,1105.46,672.03
2024-03-16,TX1272,Elastic VPS Compute Instance,1710.35,1187.29
2024-03-16,TX1272,Managed Database Storage,1219.63,836.43
2024-03-16,TX1273,Managed Database Storage,1100.98,637.87
2024-03-16,TX1274,Support Premium SLA,2372.22,1329.4
2024-03-17,TX1275,Consulting Implementation Package,5518.02,3118.33
2024-03-17,TX1276,BI Analytics Platform,2715.32,1500.85
2024-03-17,TX1276,AI Marketing Agent,1719.18,969.9
2024-03-17,TX1277,Consulting Implementation Package,5702.66,3720.71
2024-03-18,TX1278,Security Firewall Shield,3060.12,1715.74
2024-03-18,TX1279,Elastic VPS Compute Instance,1007.33,602.23
2024-03-18,TX1279,Managed Database Storage,719.24,486.73
2024-03-18,TX1280,Serverless GPU Cluster,6433.87,3561.09
2024-03-18,TX1280,Security Firewall Shield,3013.46,2025.56
2024-03-19,TX1281,Elastic VPS Compute Instance,931.94,551.97
2024-03-19,TX1281,Managed Database Storage,675.19,383.32
2024-03-19,TX1282,Managed Database Storage,608.44,398.23
2024-03-19,TX1283,Security Firewall Shield,2814.44,1813.46
2024-03-19,TX1284,Support Premium SLA,1581.87,1078.24
2024-03-19,TX1285,BI Analytics Platform,3604.97,2380.22
2024-03-19,TX1285,AI Marketing Agent,2140.21,1435.06
2024-03-20,TX1286,Elastic VPS Compute Instance,4962.85,2939.52
2024-03-20,TX1286,Managed Database Storage,4144.24,2389.63
2024-03-20,TX1287,Elastic VPS Compute Instance,5047.56,3344.47
2024-03-20,TX1287,Managed Database Storage,3754.81,2519.57
2024-03-21,TX1288,Managed Database Storage,573.78,400.83
2024-03-21,TX1289,Support Premium SLA,1255.53,768.25
2024-03-21,TX1290,Elastic VPS Compute Instance,844.91,511.85
2024-03-21,TX1290,Managed Database Storage,568.71,379.02
2024-03-21,TX1291,Serverless GPU Cluster,4794.51,2882.08
2024-03-21,TX1292,Security Firewall Shield,2531.25,1745.58
2024-03-22,TX1293,Consulting Implementation Package,11042.06,7494.93
2024-03-22,TX1294,Elastic VPS Compute Instance,1255.84,771.52
2024-03-22,TX1295,Managed Database Storage,941.55,623.9
2024-03-23,TX1296,Serverless GPU Cluster,3619.93,2400.67
2024-03-23,TX1296,Security Firewall Shield,1874.96,1060.23
2024-03-23,TX1297,Security Firewall Shield,1654.05,1133.66
2024-03-23,TX1298,Managed Database Storage,437.13,273.55
2024-03-23,TX1299,Elastic VPS Compute Instance,629.24,424.09
2024-03-23,TX1299,Managed Database Storage,416.93,249.33
2024-03-23,TX1300,Consulting Implementation Package,4627.67,3166.85
2024-03-24,TX1301,Managed Database Storage,662.88,403.28
2024-03-24,TX1302,Consulting Implementation Package,7061.06,3895.06
2024-03-24,TX1303,Consulting Implementation Package,7057.83,4840.31
2024-03-25,TX1304,Elastic VPS Compute Instance,2609.76,1471.1
2024-03-25,TX1304,Managed Database Storage,1809.25,1081.75
2024-03-25,TX1305,AI Marketing Agent,6305.16,4366.38
2024-03-26,TX1306,CRM Enterprise Suite,6077.46,4209.19
2024-03-26,TX1306,Support Premium SLA,1824.26,1160.26
2024-03-26,TX1307,CRM Enterprise Suite,6124.48,3948.92
2024-03-26,TX1307,Support Premium SLA,1894.97,1169.7
2024-03-27,TX1308,CRM Enterprise Suite,4675.3,2777.04
2024-03-27,TX1308,Support Premium SLA,1682.06,1008.06
2024-03-27,TX1309,CRM Enterprise Suite,4678.24,3044.96
2024-03-27,TX1309,Support Premium SLA,1793.26,1188.67
2024-03-28,TX1310,Security Firewall Shield,4373.24,2924.55
2024-03-28,TX1311,Security Firewall Shield,4159.55,2780.42
2024-03-28,TX1312,Support Premium SLA,2477.65,1396.6
2024-03-29,TX1313,Security Firewall Shield,4581.83,2859.81
2024-03-29,TX1314,Support Premium SLA,2471.93,1380.9
2024-03-29,TX1315,AI Marketing Agent,3284.15,2076.99
2024-03-29,TX1316,Managed Database Storage,1100.22,677.99
2024-03-30,TX1317,Consulting Implementation Package,4438.34,3032.08
2024-03-30,TX1318,Elastic VPS Compute Instance,551.06,332.09
2024-03-30,TX1318,Managed Database Storage,387.71,220.05
2024-03-30,TX1319,BI Analytics Platform,1967.4,1124.27
2024-03-30,TX1320,Support Premium SLA,782.11,519.5
2024-03-30,TX1321,Serverless GPU Cluster,2927.06,1881.32
2024-03-30,TX1321,Security Firewall Shield,1544.78,873.06
2024-03-31,TX1322,Serverless GPU Cluster,4604.84,2590.76
2024-03-31,TX1322,Security Firewall Shield,2250.8,1474.6
2024-03-31,TX1323,CRM Enterprise Suite,3416.15,1916.17
2024-03-31,TX1323,Support Premium SLA,1133.47,763.14
2024-04-01,TX1324,Elastic VPS Compute Instance,806.99,529.33
2024-04-01,TX1325,BI Analytics Platform,3171.49,1783.02
2024-04-01,TX1326,Consulting Implementation Package,6234.41,3508.26
2024-04-01,TX1327,Security Firewall Shield,2502.27,1746.57
2024-04-01,TX1328,Support Premium SLA,1459.24,884.5
2024-04-02,TX1329,Serverless GPU Cluster,2563.09,1552.2
2024-04-02,TX1329,Security Firewall Shield,1349.12,906.5
2024-04-02,TX1330,Consulting Implementation Package,3578.99,2476.97
2024-04-02,TX1331,Security Firewall Shield,1318.19,919.97
2024-04-02,TX1332,Elastic VPS Compute Instance,471.19,312.4
2024-04-02,TX1332,Managed Database Storage,307.69,186.6
2024-04-02,TX1333,Elastic VPS Compute Instance,451.99,254.26
2024-04-02,TX1333,Managed Database Storage,318.52,212.32
2024-04-03,TX1334,Security Firewall Shield,7221.89,4576.95
2024-04-03,TX1335,AI Marketing Agent,5791.15,3553.64
2024-04-04,TX1336,BI Analytics Platform,4185.89,2871.32
2024-04-04,TX1336,AI Marketing Agent,2390.09,1354.42
2024-04-04,TX1337,CRM Enterprise Suite,5469.97,3412.68
2024-04-04,TX1337,Support Premium SLA,1650.04,910.33
2024-04-04,TX1338,AI Marketing Agent,2285.54,1417.72
2024-04-05,TX1339,CRM Enterprise Suite,8558.97,4779.72
2024-04-05,TX1339,Support Premium SLA,2741.21,1556.52
2024-04-05,TX1340,Managed Database Storage,1212.38,688.18
2024-04-06,TX1341,Serverless GPU Cluster,6354.87,4114.03
2024-04-06,TX1342,Serverless GPU Cluster,6341.93,4197.77
2024-04-06,TX1343,Elastic VPS Compute Instance,1068.23,681.0
2024-04-07,TX1344,BI Analytics Platform,3606.99,2504.43
2024-04-07,TX1344,AI Marketing Agent,2248.5,1363.11
2024-04-07,TX1345,Security Firewall Shield,2690.44,1595.05
2024-04-07,TX1346,Support Premium SLA,1541.8,1048.87
2024-04-07,TX1347,BI Analytics Platform,3290.49,1920.13
2024-04-08,TX1348,Serverless GPU Cluster,1701.47,1181.64
2024-04-08,TX1349,Security Firewall Shield,733.06,404.52
2024-04-08,TX1350,CRM Enterprise Suite,1160.56,807.15
2024-04-08,TX1350,Support Premium SLA,449.87,250.34
2024-04-08,TX1350,Consulting Implementation Package,2267.08,1549.94
2024-04-08,TX1351,Serverless GPU Cluster,1453.01,914.17
2024-04-09,TX1352,Security Firewall Shield,5129.02,3584.9
2024-04-09,TX1353,AI Marketing Agent,3879.2,2176.5
2024-04-09,TX1354,Support Premium SLA,2406.82,1523.71
2024-04-09,TX1355,Support Premium SLA,2415.47,1679.71
2024-04-10,TX1356,Consulting Implementation Package,3130.73,1967.55
2024-04-10,TX1357,BI Analytics Platform,1608.05,1036.24
2024-04-10,TX1357,AI Marketing Agent,1099.67,719.58
2024-04-10,TX1358,Security Firewall Shield,1334.45,824.93
2024-04-10,TX1359,AI Marketing Agent,941.86,606.68
2024-04-10,TX1360,BI Analytics Platform,1767.77,1127.21
2024-04-10,TX1360,AI Marketing Agent,1098.17,752.44
2024-04-11,TX1361,BI Analytics Platform,5451.83,3035.67
2024-04-11,TX1361,AI Marketing Agent,3567.41,2112.42
2024-04-11,TX1362,Security Firewall Shield,3771.46,2611.97
2024-04-12,TX1363,Security Firewall Shield,8606.08,5882.6
2024-04-12,TX1364,Support Premium SLA,4580.82,2832.54
2024-04-13,TX1365,Support Premium SLA,723.61,465.3
2024-04-13,TX1366,Serverless GPU Cluster,3114.35,1842.47
2024-04-13,TX1367,Serverless GPU Cluster,3196.58,1848.32
2024-04-13,TX1367,Security Firewall Shield,1432.77,887.68
2024-04-13,TX1368,AI Marketing Agent,1285.64,775.24
2024-04-13,TX1369,BI Analytics Platform,2030.94,1294.82
2024-04-14,TX1370,Elastic VPS Compute Instance,585.92,329.09
2024-04-14,TX1370,Managed Database Storage,371.25,258.45
2024-04-14,TX1371,Serverless GPU Cluster,3116.22,2174.91
2024-04-14,TX1372,Serverless GPU Cluster,3117.87,2041.35
2024-04-14,TX1373,Managed Database Storage,374.29,235.96
2024-04-14,TX1374,CRM Enterprise Suite,2670.73,1592.9
2024-04-14,TX1374,Support Premium SLA,896.56,602.55
2024-04-15,TX1375,BI Analytics Platform,2670.91,1743.33
2024-04-15,TX1375,AI Marketing Agent,1651.12,948.39
2024-04-15,TX1376,Elastic VPS Compute Instance,632.16,434.07
2024-04-15,TX1376,Managed Database Storage,421.1,283.56
2024-04-15,TX1377,BI Analytics Platform,2656.09,1839.26
2024-04-16,TX1378,Elastic VPS Compute Instance,1404.01,925.04
2024-04-16,TX1378,Managed Database Storage,1136.31,729.52
2024-04-16,TX1379,BI Analytics Platform,6011.38,3683.39
2024-04-16,TX1379,AI Marketing Agent,3544.93,2445.68
2024-04-17,TX1380,Serverless GPU Cluster,6500.19,4419.54
2024-04-17,TX1380,Security Firewall Shield,3323.33,1850.37
2024-04-17,TX1381,Managed Database Storage,713.93,395.49
2024-04-18,TX1382,BI Analytics Platform,5975.7,3624.08
2024-04-18,TX1382,AI Marketing Agent,4055.86,2723.85
2024-04-18,TX1383,Managed Database Storage,1149.6,802.53
2024-04-19,TX1384,Support Premium SLA,5059.41,2896.83
2024-04-19,TX1385,Managed Database Storage,2125.51,1358.46
2024-04-19,TX1386,Support Premium SLA,4907.68,2979.62
2024-04-20,TX1387,Elastic VPS Compute Instance,552.79,384.46
2024-04-20,TX1387,Managed Database Storage,372.34,251.82
2024-04-20,TX1388,Serverless GPU Cluster,3250.79,2196.72
2024-04-20,TX1388,Security Firewall Shield,1585.12,983.26
2024-04-20,TX1389,Elastic VPS Compute Instance,595.03,364.29
2024-04-20,TX1389,Managed Database Storage,442.92,261.77
2024-04-20,TX1390,Support Premium SLA,958.38,535.21
2024-04-21,TX1391,Elastic VPS Compute Instance,1354.21,920.47
2024-04-21,TX1391,Managed Database Storage,844.07,567.16
2024-04-21,TX1392,Consulting Implementation Package,9668.09,6767.25
2024-04-22,TX1393,Managed Database Storage,323.86,226.54
2024-04-22,TX1394,Serverless GPU Cluster,2806.19,1777.2
2024-04-22,TX1394,Security Firewall Shield,1182.01,786.45
2024-04-22,TX1395,Serverless GPU Cluster,2681.67,1854.95
2024-04-22,TX1396,BI Analytics Platform,1576.9,1068.27
2024-04-22,TX1396,AI Marketing Agent,1118.47,656.66
2024-04-22,TX1397,BI Analytics Platform,1741.26,1075.37
2024-04-22,TX1397,AI Marketing Agent,1117.0,635.99
2024-04-23,TX1398,BI Analytics Platform,2925.51,2027.69
2024-04-23,TX1398,AI Marketing Agent,1528.35,979.56
2024-04-23,TX1399,BI Analytics Platform,2710.73,1583.87
2024-04-23,TX1400,AI Marketing Agent,1730.6,1126.2
2024-04-24,TX1401,Managed Database Storage,541.48,348.02
2024-04-24,TX1402,Managed Database Storage,519.65,313.73
2024-04-24,TX1403,AI Marketing Agent,1626.11,922.06
2024-04-24,TX1404,Elastic VPS Compute Instance,733.26,477.16
2024-04-24,TX1404,Managed Database Storage,519.03,325.97
2024-04-24,TX1405,Security Firewall Shield,2101.22,1399.09
2024-04-25,TX1406,CRM Enterprise Suite,4582.41,2877.87
2024-04-25,TX1406,Support Premium SLA,1403.18,951.11
2024-04-25,TX1407,Consulting Implementation Package,7676.38,4857.51
2024-04-26,TX1408,Serverless GPU Cluster,3890.96,2467.42
2024-04-26,TX1409,AI Marketing Agent,1570.26,1070.13
2024-04-26,TX1410,Managed Database Storage,456.3,278.58
2024-04-26,TX1411,CRM Enterprise Suite,3123.35,1780.63
2024-04-26,TX1412,AI Marketing Agent,1645.34,912.04
2024-04-27,TX1413,Support Premium SLA,1554.89,1031.31
2024-04-27,TX1414,Serverless GPU Cluster,5652.0,3634.5
2024-04-27,TX1415,Security Firewall Shield,3024.75,1983.06
2024-04-28,TX1416,Serverless GPU Cluster,2669.24,1553.35
2024-04-28,TX1416,Security Firewall Shield,1397.98,797.49
2024-04-28,TX1417,Support Premium SLA,660.99,364.99
2024-04-28,TX1418,Serverless GPU Cluster,2721.99,1640.24
2024-04-28,TX1418,Security Firewall Shield,1251.36,798.98
2024-04-28,TX1419,Elastic VPS Compute Instance,467.48,284.62
2024-04-29,TX1420,Managed Database Storage,551.89,339.76
2024-04-29,TX1421,Security Firewall Shield,1960.68,1344.29
2024-04-29,TX1422,CRM Enterprise Suite,3639.83,2192.05
2024-04-29,TX1423,Managed Database Storage,527.52,330.81
2024-04-29,TX1424,Support Premium SLA,1145.68,764.8
2024-04-30,TX1425,Security Firewall Shield,953.11,580.9
2024-04-30,TX1426,CRM Enterprise Suite,1468.75,944.87
2024-04-30,TX1426,Support Premium SLA,575.53,390.99
2024-04-30,TX1427,Serverless GPU Cluster,2203.03,1525.44
2024-04-30,TX1428,Consulting Implementation Package,2461.95,1408.39
2024-05-01,TX1429,CRM Enterprise Suite,1496.53,1031.09
2024-05-01,TX1429,Support Premium SLA,503.08,313.83
2024-05-01,TX1429,Consulting Implementation Package,2272.35,1337.82
2024-05-01,TX1430,Serverless GPU Cluster,1742.22,1078.21
2024-05-01,TX1430,Security Firewall Shield,919.23,640.71
2024-05-01,TX1431,Consulting Implementation Package,2219.5,1384.73
2024-05-02,TX1432,Security Firewall Shield,993.4,595.36
2024-05-02,TX1433,Consulting Implementation Package,2407.65,1552.96
2024-05-02,TX1434,CRM Enterprise Suite,1422.62,833.69
2024-05-02,TX1434,Support Premium SLA,488.05,273.98
2024-05-02,TX1434,Consulting Implementation Package,2340.07,1332.28
2024-05-02,TX1435,Security Firewall Shield,1002.49,570.62
2024-05-02,TX1436,Elastic VPS Compute Instance,288.98,165.52
2024-05-03,TX1437,Managed Database Storage,706.54,403.31
2024-05-03,TX1438,Serverless GPU Cluster,5697.01,3681.02
2024-05-03,TX1439,Elastic VPS Compute Instance,971.64,560.91
2024-05-03,TX1439,Managed Database Storage,644.02,387.6
2024-05-04,TX1440,BI Analytics Platform,1946.66,1332.52
2024-05-04,TX1440,AI Marketing Agent,1239.08,769.59
2024-05-04,TX1441,AI Marketing Agent,1271.52,826.66
2024-05-04,TX1442,AI Marketing Agent,1245.69,717.33
2024-05-04,TX1443,Managed Database Storage,355.05,205.52
2024-05-04,TX1444,Support Premium SLA,794.41,441.8
2024-05-05,TX1445,BI Analytics Platform,1712.16,985.07
2024-05-05,TX1446,Elastic VPS Compute Instance,445.09,263.4
2024-05-05,TX1446,Managed Database Storage,309.77,178.6
2024-05-05,TX1447,BI Analytics Platform,1875.41,1056.43
2024-05-05,TX1447,AI Marketing Agent,1030.43,585.38
2024-05-05,TX1448,Consulting Implementation Package,3508.29,2172.04
2024-05-06,TX1449,Security Firewall Shield,1361.62,791.03
2024-05-06,TX1450,CRM Enterprise Suite,2313.22,1398.67
2024-05-06,TX1451,Security Firewall Shield,1317.65,824.21
2024-05-06,TX1452,AI Marketing Agent,1210.98,791.45
2024-05-07,TX1453,BI Analytics Platform,1354.09,752.73
2024-05-07,TX1454,Serverless GPU Cluster,2087.13,1398.19
2024-05-07,TX1454,Security Firewall Shield,1133.24,730.02
2024-05-07,TX1455,Elastic VPS Compute Instance,369.21,207.59
2024-05-07,TX1455,Managed Database Storage,230.43,156.93
2024-05-08,TX1456,BI Analytics Platform,1478.33,1017.28
2024-05-08,TX1456,AI Marketing Agent,917.08,512.8
2024-05-08,TX1457,Consulting Implementation Package,3118.69,1844.8
2024-05-09,TX1458,Serverless GPU Cluster,1177.99,790.35
2024-05-09,TX1458,Security Firewall Shield,545.02,360.93
2024-05-09,TX1459,Consulting Implementation Package,1595.0,921.4
2024-05-09,TX1460,Security Firewall Shield,540.08,314.0
2024-05-09,TX1461,BI Analytics Platform,740.02,448.13
2024-05-09,TX1461,AI Marketing Agent,404.74,252.02
2024-05-10,TX1462,BI Analytics Platform,1251.93,804.66
2024-05-10,TX1463,CRM Enterprise Suite,1621.93,981.81
2024-05-10,TX1464,Consulting Implementation Package,2605.79,1613.97
2024-05-10,TX1465,CRM Enterprise Suite,1375.98,911.06
2024-05-10,TX1465,Support Premium SLA,498.79,277.08
2024-05-10,TX1466,BI Analytics Platform,1295.48,761.57
2024-05-10,TX1466,AI Marketing Agent,774.68,508.97
2024-05-11,TX1467,Serverless GPU Cluster,1496.21,1023.83
2024-05-11,TX1467,Security Firewall Shield,738.41,462.8
2024-05-11,TX1468,Serverless GPU Cluster,1545.52,973.39
2024-05-11,TX1468,Security Firewall Shield,718.34,406.63
2024-05-11,TX1469,Security Firewall Shield,670.92,414.03
2024-05-11,TX1470,BI Analytics Platform,957.68,603.24
2024-05-11,TX1470,AI Marketing Agent,527.35,309.22
2024-05-12,TX1471,Support Premium SLA,574.85,339.38
2024-05-12,TX1472,Consulting Implementation Package,2685.65,1629.1
2024-05-12,TX1473,BI Analytics Platform,1309.12,723.96
2024-05-12,TX1473,AI Marketing Agent,865.48,517.83
2024-05-12,TX1474,BI Analytics Platform,1379.98,802.76
2024-05-12,TX1475,Consulting Implementation Package,2847.98,1706.29
2024-05-13,TX1476,BI Analytics Platform,1561.24,886.73
2024-05-13,TX1476,AI Marketing Agent,916.27,626.34
2024-05-13,TX1477,Elastic VPS Compute Instance,394.99,252.41
2024-05-13,TX1477,Managed Database Storage,306.97,200.1
2024-05-13,TX1478,Serverless GPU Cluster,2244.39,1500.1
2024-05-13,TX1478,Security Firewall Shield,1267.85,792.11
2024-05-13,TX1479,Serverless GPU Cluster,2152.71,1212.06
2024-05-14,TX1480,CRM Enterprise Suite,7152.55,4510.15
2024-05-14,TX1481,Security Firewall Shield,4375.14,2791.45
2024-05-15,TX1482,Security Firewall Shield,5869.03,3884.22
2024-05-15,TX1483,Elastic VPS Compute Instance,2116.58,1301.17
2024-05-15,TX1483,Managed Database Storage,1490.69,848.41
2024-05-16,TX1484,Serverless GPU Cluster,2892.47,1713.98
2024-05-16,TX1485,Security Firewall Shield,1487.38,899.07
2024-05-16,TX1486,Support Premium SLA,839.52,543.08
2024-05-16,TX1487,Elastic VPS Compute Instance,482.69,306.81
2024-05-16,TX1487,Managed Database Storage,407.56,245.93
2024-05-16,TX1488,CRM Enterprise Suite,2645.94,1846.81
2024-05-16,TX1488,Support Premium SLA,789.89,506.21
2024-05-17,TX1489,Elastic VPS Compute Instance,465.3,272.47
2024-05-17,TX1489,Managed Database Storage,344.59,194.79
2024-05-17,TX1490,Serverless GPU Cluster,2901.79,1662.52
2024-05-17,TX1491,Security Firewall Shield,1410.48,827.8
2024-05-17,TX1492,Security Firewall Shield,1332.59,765.04
2024-05-17,TX1493,Elastic VPS Compute Instance,410.11,237.04
2024-05-18,TX1494,Support Premium SLA,791.71,469.3
2024-05-18,TX1495,Consulting Implementation Package,3598.04,2072.49
2024-05-19,TX1496,Managed Database Storage,2961.25,2027.02
2024-05-19,TX1497,Support Premium SLA,6256.66,3516.46
2024-05-20,TX1498,Managed Database Storage,2924.29,1838.43
2024-05-20,TX1499,Support Premium SLA,7347.0,4493.13
2024-05-21,TX1500,Elastic VPS Compute Instance,457.79,319.24
2024-05-21,TX1500,Managed Database Storage,285.23,161.67
2024-05-21,TX1501,Security Firewall Shield,1176.86,717.51
2024-05-21,TX1502,Serverless GPU Cluster,2714.19,1887.5
2024-05-21,TX1503,BI Analytics Platform,1465.81,996.5
2024-05-21,TX1503,AI Marketing Agent,1017.26,684.17
2024-05-22,TX1504,Consulting Implementation Package,5788.19,3407.42
2024-05-22,TX1505,Support Premium SLA,1107.49,637.51
2024-05-23,TX1506,CRM Enterprise Suite,6266.01,4074.76
2024-05-23,TX1507,Managed Database Storage,886.34,611.05
2024-05-24,TX1508,Serverless GPU Cluster,1488.89,943.23
2024-05-24,TX1508,Security Firewall Shield,753.4,478.97
2024-05-24,TX1509,Security Firewall Shield,809.97,479.5
2024-05-24,TX1510,Managed Database Storage,175.88,117.03
2024-05-24,TX1511,Serverless GPU Cluster,1727.7,998.71
2024-05-24,TX1511,Security Firewall Shield,788.91,472.2
2024-05-24,TX1512,Security Firewall Shield,798.89,490.37
2024-05-25,TX1513,AI Marketing Agent,2940.28,1841.03
2024-05-25,TX1514,Elastic VPS Compute Instance,1369.44,802.99
2024-05-25,TX1514,Managed Database Storage,992.68,563.07
2024-05-25,TX1515,Security Firewall Shield,4101.97,2631.8
2024-05-25,TX1516,Managed Database Storage,915.45,543.13
2024-05-26,TX1517,BI Analytics Platform,2340.0,1491.01
2024-05-26,TX1517,AI Marketing Agent,1514.57,868.08
2024-05-26,TX1518,Elastic VPS Compute Instance,588.79,366.33
2024-05-26,TX1518,Managed Database Storage,395.5,249.12
2024-05-26,TX1519,CRM Enterprise Suite,2859.72,1595.08
2024-05-27,TX1520,CRM Enterprise Suite,1828.74,1098.14
2024-05-27,TX1520,Support Premium SLA,675.75,385.29
2024-05-27,TX1521,Security Firewall Shield,1213.04,678.7
2024-05-27,TX1522,BI Analytics Platform,1466.05,1024.03
2024-05-27,TX1523,Consulting Implementation Package,3371.86,2017.56
2024-05-27,TX1524,AI Marketing Agent,983.29,660.26
2024-05-28,TX1525,Serverless GPU Cluster,1604.74,943.9
2024-05-28,TX1525,Security Firewall Shield,739.29,482.18
2024-05-28,TX1526,Serverless GPU Cluster,1562.95,1037.85
2024-05-28,TX1526,Security Firewall Shield,802.26,512.92
2024-05-28,TX1527,Serverless GPU Cluster,1467.42,910.88
2024-05-28,TX1527,Security Firewall Shield,749.66,458.62
2024-05-28,TX1528,BI Analytics Platform,999.12,601.8
2024-05-28,TX1529,Security Firewall Shield,790.93,545.29
2024-05-29,TX1530,Security Firewall Shield,1562.62,1054.13
2024-05-29,TX1531,CRM Enterprise Suite,2521.63,1751.91
2024-05-29,TX1531,Support Premium SLA,792.16,450.46
2024-05-29,TX1532,Elastic VPS Compute Instance,517.75,341.52
2024-05-29,TX1533,Elastic VPS Compute Instance,541.83,374.27
2024-05-29,TX1533,Managed Database Storage,381.73,220.33
2024-05-30,TX1534,BI Analytics Platform,1364.69,764.19
2024-05-30,TX1534,AI Marketing Agent,840.25,555.55
2024-05-30,TX1535,Consulting Implementation Package,2920.04,1857.64
2024-05-30,TX1536,Security Firewall Shield,1183.15,800.13
2024-05-30,TX1537,CRM Enterprise Suite,1795.8,1025.34
2024-05-30,TX1537,Support Premium SLA,584.76,391.37
2024-05-30,TX1537,Consulting Implementation Package,2687.44,1559.37
2024-05-30,TX1538,Support Premium SLA,550.96,316.55
2024-05-31,TX1539,Security Firewall Shield,2116.28,1216.1
2024-05-31,TX1540,Elastic VPS Compute Instance,650.46,437.23
2024-05-31,TX1540,Managed Database Storage,512.09,332.75
2024-05-31,TX1541,Elastic VPS Compute Instance,621.54,390.61
2024-05-31,TX1541,Managed Database Storage,492.12,297.15
2024-05-31,TX1542,CRM Enterprise Suite,3358.98,2289.41
2024-06-01,TX1543,Security Firewall Shield,728.73,443.7
2024-06-01,TX1544,Consulting Implementation Package,1870.03,1257.58
2024-06-01,TX1545,BI Analytics Platform,981.26,604.33
2024-06-01,TX1545,AI Marketing Agent,620.53,376.38
2024-06-01,TX1546,Elastic VPS Compute Instance,283.54,175.63
2024-06-01,TX1546,Managed Database Storage,203.36,121.04
2024-06-01,TX1547,Consulting Implementation Package,1950.45,1291.47
2024-06-02,TX1548,Security Firewall Shield,4341.66,2715.31
2024-06-02,TX1549,AI Marketing Agent,3217.76,1881.85
2024-06-02,TX1550,Elastic VPS Compute Instance,1531.12,1048.72
2024-06-02,TX1550,Managed Database Storage,968.01,588.15
2024-06-02,TX1551,Managed Database Storage,1050.88,663.67
2024-06-03,TX1552,Elastic VPS Compute Instance,640.61,439.44
2024-06-03,TX1553,Managed Database Storage,489.04,314.76
2024-06-03,TX1554,AI Marketing Agent,1582.54,898.15
2024-06-03,TX1555,BI Analytics Platform,2659.73,1837.81
2024-06-03,TX1556,BI Analytics Platform,2673.31,1722.03
2024-06-03,TX1556,AI Marketing Agent,1600.18,960.49
2024-06-04,TX1557,BI Analytics Platform,3116.43,1779.14
2024-06-04,TX1557,AI Marketing Agent,2274.96,1522.18
2024-06-04,TX1558,AI Marketing Agent,2284.57,1469.0
2024-06-05,TX1559,BI Analytics Platform,890.63,561.11
2024-06-05,TX1559,AI Marketing Agent,527.16,360.62
2024-06-05,TX1560,Support Premium SLA,364.78,243.78
2024-06-05,TX1561,CRM Enterprise Suite,1098.05,628.91
2024-06-05,TX1562,BI Analytics Platform,804.91,480.34
2024-06-05,TX1562,AI Marketing Agent,547.24,321.38
2024-06-05,TX1563,Serverless GPU Cluster,1446.96,957.3
2024-06-05,TX1563,Security Firewall Shield,743.58,412.71
2024-06-06,TX1564,Managed Database Storage,1360.75,864.73
2024-06-06,TX1565,Managed Database Storage,1453.08,965.38
2024-06-06,TX1566,Support Premium SLA,2734.64,1863.7
2024-06-07,TX1567,Elastic VPS Compute Instance,1344.29,808.34
2024-06-07,TX1568,Elastic VPS Compute Instance,1265.65,852.02
2024-06-07,TX1568,Managed Database Storage,1057.09,598.94
2024-06-07,TX1569,Support Premium SLA,2044.56,1384.1
2024-06-07,TX1570,Managed Database Storage,893.77,508.67
2024-06-08,TX1571,Support Premium SLA,1510.18,920.6
2024-06-08,TX1572,BI Analytics Platform,3388.3,2268.79
2024-06-08,TX1572,AI Marketing Agent,2250.56,1288.42
2024-06-08,TX1573,Elastic VPS Compute Instance,910.73,532.22
2024-06-08,TX1573,Managed Database Storage,605.25,398.46
2024-06-08,TX1574,Elastic VPS Compute Instance,820.24,539.72
2024-06-09,TX1575,Support Premium SLA,723.63,467.59
2024-06-09,TX1576,CRM Enterprise Suite,2130.65,1393.64
2024-06-09,TX1576,Support Premium SLA,708.89,447.6
2024-06-09,TX1577,Managed Database Storage,332.51,195.44
2024-06-09,TX1578,BI Analytics Platform,1880.07,1131.53
2024-06-09,TX1578,AI Marketing Agent,1141.45,658.89
2024-06-10,TX1579,CRM Enterprise Suite,5453.87,3742.81
2024-06-10,TX1580,CRM Enterprise Suite,4588.89,2925.46
2024-06-10,TX1581,Managed Database Storage,788.77,481.25
2024-06-11,TX1582,Managed Database Storage,367.63,227.67
2024-06-11,TX1583,BI Analytics Platform,1646.2,1139.32
2024-06-11,TX1584,BI Analytics Platform,1699.79,973.98
2024-06-11,TX1585,Consulting Implementation Package,3583.09,2285.78
2024-06-11,TX1586,Support Premium SLA,720.42,450.9
2024-06-12,TX1587,Consulting Implementation Package,9711.38,6231.97
2024-06-12,TX1588,Managed Database Storage,936.29,517.5
2024-06-13,TX1589,Support Premium SLA,573.34,390.34
2024-06-13,TX1590,Elastic VPS Compute Instance,329.57,227.34
2024-06-13,TX1590,Managed Database Storage,238.37,151.31
2024-06-13,TX1591,Managed Database Storage,265.12,173.52
2024-06-13,TX1592,Serverless GPU Cluster,1977.62,1361.34
2024-06-13,TX1592,Security Firewall Shield,1100.74,722.18
2024-06-13,TX1593,Consulting Implementation Package,2881.27,1650.62
2024-06-14,TX1594,CRM Enterprise Suite,4576.01,2912.37
2024-06-14,TX1594,Support Premium SLA,1427.79,915.22
2024-06-14,TX1595,BI Analytics Platform,3438.46,2109.91
2024-06-15,TX1596,Security Firewall Shield,1578.55,1042.58
2024-06-15,TX1597,Consulting Implementation Package,4249.43,2932.77
2024-06-15,TX1598,BI Analytics Platform,2124.06,1463.13
2024-06-15,TX1598,AI Marketing Agent,1482.79,915.81
2024-06-16,TX1599,Elastic VPS Compute Instance,1222.78,693.3
2024-06-16,TX1599,Managed Database Storage,936.33,653.3
2024-06-16,TX1600,AI Marketing Agent,2895.09,1956.6
2024-06-16,TX1601,Elastic VPS Compute Instance,1290.91,734.14
2024-06-16,TX1601,Managed Database Storage,909.28,625.7
2024-06-16,TX1602,Support Premium SLA,1794.04,1220.82
2024-06-17,TX1603,AI Marketing Agent,1720.52,1080.19
2024-06-17,TX1604,Security Firewall Shield,1927.57,1231.12
2024-06-17,TX1605,Consulting Implementation Package,5789.41,3530.67
2024-06-18,TX1606,Serverless GPU Cluster,2063.88,1152.09
2024-06-18,TX1607,Consulting Implementation Package,2993.69,1797.05
2024-06-18,TX1608,Elastic VPS Compute Instance,329.41,220.85
2024-06-18,TX1608,Managed Database Storage,266.48,146.75
2024-06-18,TX1609,Consulting Implementation Package,2917.57,1750.61
2024-06-19,TX1610,CRM Enterprise Suite,3328.67,2029.57
2024-06-19,TX1610,Support Premium SLA,1117.2,704.52
2024-06-19,TX1611,Support Premium SLA,1257.18,864.91
2024-06-19,TX1612,Elastic VPS Compute Instance,798.19,480.47
2024-06-19,TX1612,Managed Database Storage,527.52,317.59
2024-06-19,TX1613,Security Firewall Shield,2318.81,1531.86
2024-06-20,TX1614,AI Marketing Agent,4848.3,2995.44
2024-06-20,TX1615,AI Marketing Agent,5242.9,3060.23
2024-06-20,TX1616,Support Premium SLA,3391.28,2095.36
2024-06-21,TX1617,Elastic VPS Compute Instance,576.12,329.04
2024-06-21,TX1617,Managed Database Storage,432.85,249.52
2024-06-21,TX1618,CRM Enterprise Suite,3023.18,1888.75
2024-06-21,TX1618,Support Premium SLA,961.38,589.17
2024-06-21,TX1618,Consulting Implementation Package,5366.99,3688.34
2024-06-22,TX1619,Elastic VPS Compute Instance,1356.34,819.72
2024-06-22,TX1619,Managed Database Storage,1036.3,660.21
2024-06-22,TX1620,BI Analytics Platform,5091.76,3283.37
2024-06-22,TX1620,AI Marketing Agent,3081.69,1700.98
2024-06-22,TX1621,Elastic VPS Compute Instance,1333.84,866.37
2024-06-22,TX1621,Managed Database Storage,900.93,519.57
2024-06-23,TX1622,BI Analytics Platform,6551.54,4547.82
2024-06-23,TX1623,BI Analytics Platform,6430.2,3680.0
2024-06-24,TX1624,BI Analytics Platform,8987.27,5501.95
2024-06-24,TX1625,Elastic VPS Compute Instance,2400.61,1351.07
2024-06-25,TX1626,CRM Enterprise Suite,5698.53,3986.3
2024-06-25,TX1626,Support Premium SLA,2011.16,1257.64
2024-06-25,TX1627,Elastic VPS Compute Instance,1203.26,769.25
2024-06-25,TX1627,Managed Database Storage,771.04,431.83
2024-06-25,TX1628,Security Firewall Shield,3154.18,2089.63
2024-06-26,TX1629,Support Premium SLA,2284.88,1328.63
2024-06-26,TX1630,BI Analytics Platform,5651.83,3869.85
2024-06-26,TX1630,AI Marketing Agent,3535.17,2053.12
2024-06-27,TX1631,Consulting Implementation Package,7664.55,4434.73
2024-06-27,TX1632,Support Premium SLA,1572.15,873.3
2024-06-27,TX1633,Support Premium SLA,1457.08,904.57
2024-06-28,TX1634,AI Marketing Agent,1802.76,1144.26
2024-06-28,TX1635,Elastic VPS Compute Instance,692.81,387.87
2024-06-28,TX1636,Support Premium SLA,1233.54,821.94
2024-06-28,TX1637,Serverless GPU Cluster,4437.77,2742.51
2024-06-28,TX1637,Security Firewall Shield,2088.92,1313.22
2024-06-29,TX1638,CRM Enterprise Suite,2216.98,1365.91
2024-06-29,TX1639,Elastic VPS Compute Instance,446.86,272.64
2024-06-29,TX1639,Managed Database Storage,358.88,227.51
2024-06-29,TX1640,Consulting Implementation Package,3566.38,2044.56
2024-06-29,TX1641,BI Analytics Platform,1597.38,922.15
2024-06-29,TX1641,AI Marketing Agent,1058.61,719.08
2024-06-29,TX1642,Managed Database Storage,306.4,212.0
2024-06-30,TX1643,CRM Enterprise Suite,1664.32,1008.57
2024-06-30,TX1643,Support Premium SLA,529.24,312.58
2024-06-30,TX1644,Managed Database Storage,231.53,149.71
2024-06-30,TX1645,BI Analytics Platform,1306.0,798.37
2024-06-30,TX1645,AI Marketing Agent,779.3,431.58
2024-06-30,TX1646,CRM Enterprise Suite,1495.04,857.29
2024-06-30,TX1646,Support Premium SLA,566.3,372.28
2024-06-30,TX1646,Consulting Implementation Package,2731.23,1772.13
2024-07-01,TX1647,CRM Enterprise Suite,6909.08,3828.08
2024-07-01,TX1647,Support Premium SLA,2405.07,1402.87
2024-07-01,TX1648,AI Marketing Agent,3452.85,2018.75
2024-07-01,TX1649,Support Premium SLA,2248.32,1463.17
2024-07-02,TX1650,Support Premium SLA,1193.44,659.92
2024-07-02,TX1651,Serverless GPU Cluster,5018.08,2838.31
2024-07-02,TX1652,BI Analytics Platform,3022.0,2024.7
2024-07-02,TX1652,AI Marketing Agent,2057.97,1187.0
2024-07-03,TX1653,Security Firewall Shield,1510.12,978.42
2024-07-03,TX1654,Serverless GPU Cluster,3100.29,1815.92
2024-07-03,TX1654,Security Firewall Shield,1403.56,792.89
2024-07-03,TX1655,BI Analytics Platform,1696.19,994.77
2024-07-03,TX1656,Security Firewall Shield,1451.05,955.28
2024-07-03,TX1657,CRM Enterprise Suite,2362.58,1602.67
2024-07-04,TX1658,Support Premium SLA,5449.31,3675.74
2024-07-04,TX1659,Support Premium SLA,5726.3,3490.62
2024-07-04,TX1660,Managed Database Storage,2251.27,1463.8
2024-07-05,TX1661,Security Firewall Shield,670.77,389.55
2024-07-05,TX1662,CRM Enterprise Suite,968.33,575.16
2024-07-05,TX1662,Support Premium SLA,355.96,243.64
2024-07-05,TX1662,Consulting Implementation Package,1808.15,998.01
2024-07-05,TX1663,Managed Database Storage,148.06,83.33
2024-07-05,TX1664,Consulting Implementation Package,1609.08,935.17
2024-07-05,TX1665,Support Premium SLA,367.1,203.37
2024-07-06,TX1666,Managed Database Storage,1367.55,789.37
2024-07-06,TX1667,Security Firewall Shield,6058.5,3862.03
2024-07-06,TX1668,Elastic VPS Compute Instance,1926.12,1181.12
2024-07-06,TX1669,Support Premium SLA,3151.92,2155.6
2024-07-07,TX1670,Elastic VPS Compute Instance,1081.47,727.41
2024-07-07,TX1671,Elastic VPS Compute Instance,1019.41,612.94
2024-07-07,TX1671,Managed Database Storage,723.78,426.24
2024-07-07,TX1672,Serverless GPU Cluster,6430.86,3903.24
2024-07-07,TX1672,Security Firewall Shield,3209.39,2049.34
2024-07-08,TX1673,Security Firewall Shield,2207.86,1303.1
2024-07-08,TX1674,Managed Database Storage,579.38,372.9
2024-07-08,TX1675,Consulting Implementation Package,5608.18,3428.91
2024-07-08,TX1676,AI Marketing Agent,1743.0,1102.98
2024-07-08,TX1677,Security Firewall Shield,2140.26,1317.16
2024-07-09,TX1678,CRM Enterprise Suite,3176.21,1887.21
2024-07-09,TX1678,Support Premium SLA,1050.37,727.14
2024-07-09,TX1678,Consulting Implementation Package,5530.13,3675.0
2024-07-09,TX1679,Elastic VPS Compute Instance,764.23,436.39
2024-07-09,TX1679,Managed Database Storage,524.17,356.58
2024-07-10,TX1680,Elastic VPS Compute Instance,1559.77,971.92
2024-07-10,TX1680,Managed Database Storage,1120.69,766.76
2024-07-10,TX1681,Serverless GPU Cluster,8842.31,5924.16
2024-07-11,TX1682,Managed Database Storage,1031.07,632.85
2024-07-11,TX1683,Security Firewall Shield,4442.87,2458.55
2024-07-11,TX1684,Support Premium SLA,2564.34,1513.73
2024-07-11,TX1685,Security Firewall Shield,4286.67,2705.94
2024-07-11,TX1686,Support Premium SLA,2321.82,1497.62
2024-07-12,TX1687,BI Analytics Platform,3010.41,1772.18
2024-07-12,TX1687,AI Marketing Agent,1751.03,999.67
2024-07-12,TX1688,Support Premium SLA,1309.55,884.26
2024-07-12,TX1689,Consulting Implementation Package,5852.09,4082.77
2024-07-12,TX1690,Security Firewall Shield,2349.38,1477.42
2024-07-12,TX1691,Support Premium SLA,1180.42,679.63
2024-07-13,TX1692,Elastic VPS Compute Instance,795.65,470.11
2024-07-13,TX1692,Managed Database Storage,676.85,374.13
2024-07-13,TX1693,AI Marketing Agent,1973.57,1356.13
2024-07-13,TX1694,CRM Enterprise Suite,4631.35,2629.04
2024-07-13,TX1694,Support Premium SLA,1271.76,809.45
2024-07-13,TX1695,Security Firewall Shield,2646.07,1564.11
2024-07-13,TX1696,AI Marketing Agent,2120.53,1342.56
2024-07-14,TX1697,AI Marketing Agent,2340.94,1516.26
2024-07-14,TX1698,Consulting Implementation Package,8921.81,6017.42
2024-07-14,TX1699,Elastic VPS Compute Instance,1127.36,654.95
2024-07-14,TX1699,Managed Database Storage,840.77,463.81
2024-07-15,TX1700,Serverless GPU Cluster,3499.32,1996.48
2024-07-15,TX1701,AI Marketing Agent,1551.18,1062.56
2024-07-15,TX1702,BI Analytics Platform,2140.18,1457.64
2024-07-15,TX1702,AI Marketing Agent,1475.77,943.92
2024-07-15,TX1703,Consulting Implementation Package,4538.6,2905.06
2024-07-16,TX1704,BI Analytics Platform,4751.55,3087.35
2024-07-16,TX1704,AI Marketing Agent,3642.88,2099.41
2024-07-16,TX1705,Security Firewall Shield,4297.94,2953.38
2024-07-17,TX1706,Security Firewall Shield,1345.56,824.58
2024-07-17,TX1707,Support Premium SLA,714.08,433.78
2024-07-17,TX1708,BI Analytics Platform,1739.09,1091.87
2024-07-17,TX1708,AI Marketing Agent,1161.1,646.78
2024-07-17,TX1709,Consulting Implementation Package,3281.46,1886.65
2024-07-17,TX1710,BI Analytics Platform,1579.75,1043.75
2024-07-17,TX1710,AI Marketing Agent,1162.16,653.62
2024-07-18,TX1711,BI Analytics Platform,5319.06,3406.71
2024-07-18,TX1712,BI Analytics Platform,5258.04,3085.43
2024-07-18,TX1712,AI Marketing Agent,3417.36,2079.1
2024-07-19,TX1713,Security Firewall Shield,5941.7,3525.23
2024-07-19,TX1714,Security Firewall Shield,5950.24,3590.08
2024-07-20,TX1715,BI Analytics Platform,2018.35,1327.79
2024-07-20,TX1715,AI Marketing Agent,1203.45,715.53
2024-07-20,TX1716,AI Marketing Agent,1255.83,797.4
2024-07-20,TX1717,Support Premium SLA,881.73,547.91
2024-07-20,TX1718,AI Marketing Agent,1227.12,797.08
2024-07-20,TX1719,Serverless GPU Cluster,3482.58,2404.81
2024-07-21,TX1720,CRM Enterprise Suite,2930.86,1934.03
2024-07-21,TX1721,Managed Database Storage,433.34,252.31
2024-07-21,TX1722,Security Firewall Shield,1892.77,1049.88
2024-07-21,TX1723,BI Analytics Platform,2327.59,1371.74
2024-07-21,TX1723,AI Marketing Agent,1370.73,876.26
2024-07-21,TX1724,Consulting Implementation Package,4508.58,2514.5
2024-07-22,TX1725,Elastic VPS Compute Instance,605.11,377.86
2024-07-22,TX1725,Managed Database Storage,433.52,277.25
2024-07-22,TX1726,Serverless GPU Cluster,3419.93,2052.43
2024-07-22,TX1727,CRM Enterprise Suite,2604.25,1733.48
2024-07-22,TX1727,Support Premium SLA,975.79,552.29
2024-07-22,TX1727,Consulting Implementation Package,4879.11,2738.5
2024-07-23,TX1728,Support Premium SLA,3283.28,2164.43
2024-07-23,TX1729,AI Marketing Agent,4591.12,2866.35
2024-07-23,TX1730,Security Firewall Shield,5474.27,3576.12
2024-07-24,TX1731,AI Marketing Agent,1288.98,793.01
2024-07-24,TX1732,Consulting Implementation Package,4325.32,2538.79
2024-07-24,TX1733,Serverless GPU Cluster,2779.68,1870.35
2024-07-24,TX1733,Security Firewall Shield,1648.49,1104.34
2024-07-24,TX1734,CRM Enterprise Suite,2556.74,1672.63
2024-07-24,TX1735,Support Premium SLA,875.75,517.41
2024-07-25,TX1736,Consulting Implementation Package,9518.12,6077.65
2024-07-25,TX1737,Elastic VPS Compute Instance,1209.72,730.85
2024-07-25,TX1737,Managed Database Storage,874.5,492.99
2024-07-26,TX1738,AI Marketing Agent,5126.76,3525.14
2024-07-26,TX1739,Managed Database Storage,1634.83,932.71
2024-07-26,TX1740,Security Firewall Shield,6375.92,4415.55
2024-07-27,TX1741,Security Firewall Shield,8863.37,5467.82
2024-07-27,TX1742,Support Premium SLA,4244.45,2452.32
2024-07-28,TX1743,AI Marketing Agent,1118.27,705.95
2024-07-28,TX1744,CRM Enterprise Suite,2196.18,1495.47
2024-07-28,TX1744,Support Premium SLA,685.21,452.12
2024-07-28,TX1744,Consulting Implementation Package,3908.57,2622.59
2024-07-28,TX1745,Managed Database Storage,313.08,203.13
2024-07-28,TX1746,CRM Enterprise Suite,2261.88,1478.91
2024-07-28,TX1746,Support Premium SLA,695.38,471.04
2024-07-29,TX1747,Serverless GPU Cluster,9357.59,5497.12
2024-07-29,TX1748,Elastic VPS Compute Instance,1388.99,865.92
2024-07-29,TX1748,Managed Database Storage,1011.85,590.09
2024-07-29,TX1749,AI Marketing Agent,3509.15,2449.91
2024-07-30,TX1750,Security Firewall Shield,3996.65,2764.12
2024-07-30,TX1751,Managed Database Storage,979.01,544.25
2024-07-30,TX1752,Serverless GPU Cluster,7440.44,4879.71
2024-07-30,TX1752,Security Firewall Shield,3924.05,2702.84
2024-07-31,TX1753,CRM Enterprise Suite,7673.98,4428.55
2024-07-31,TX1753,Support Premium SLA,2381.54,1512.73
2024-07-31,TX1754,Security Firewall Shield,4290.56,2949.0
2024-08-01,TX1755,BI Analytics Platform,9910.39,5501.18
2024-08-01,TX1756,Elastic VPS Compute Instance,2769.51,1812.96
2024-08-01,TX1756,Managed Database Storage,1720.87,1023.23
2024-08-02,TX1757,Managed Database Storage,685.17,471.85
2024-08-02,TX1758,BI Analytics Platform,3442.17,2394.58
2024-08-02,TX1758,AI Marketing Agent,2553.92,1766.39
2024-08-02,TX1759,Managed Database Storage,750.37,466.08
2024-08-02,TX1760,Managed Database Storage,670.73,455.63
2024-08-02,TX1761,BI Analytics Platform,4096.53,2772.05
2024-08-02,TX1761,AI Marketing Agent,2546.51,1522.47
2024-08-03,TX1762,Managed Database Storage,1178.87,794.96
2024-08-03,TX1763,BI Analytics Platform,5684.97,3158.29
2024-08-03,TX1763,AI Marketing Agent,3578.17,2288.03
2024-08-03,TX1764,Security Firewall Shield,4990.45,2916.92
2024-08-04,TX1765,Security Firewall Shield,4222.63,2398.81
2024-08-04,TX1766,AI Marketing Agent,3276.25,1839.76
2024-08-04,TX1767,Elastic VPS Compute Instance,1238.41,810.47
2024-08-04,TX1767,Managed Database Storage,961.07,577.59
2024-08-04,TX1768,Managed Database Storage,957.17,630.5
2024-08-04,TX1769,Support Premium SLA,2109.02,1180.64
2024-08-05,TX1770,Elastic VPS Compute Instance,2047.4,1222.9
2024-08-05,TX1770,Managed Database Storage,1439.6,908.28
2024-08-05,TX1771,BI Analytics Platform,7258.36,4853.0
2024-08-05,TX1771,AI Marketing Agent,4279.29,2558.21
2024-08-06,TX1772,Serverless GPU Cluster,11350.27,7308.25
2024-08-06,TX1773,Elastic VPS Compute Instance,1676.06,1144.58
2024-08-06,TX1773,Managed Database Storage,1244.75,799.6
2024-08-07,TX1774,Security Firewall Shield,2751.7,1609.59
2024-08-07,TX1775,BI Analytics Platform,3480.29,1926.9
2024-08-07,TX1775,AI Marketing Agent,1888.01,1284.82
2024-08-07,TX1776,Serverless GPU Cluster,5055.78,2796.81
2024-08-08,TX1777,BI Analytics Platform,1909.86,1301.01
2024-08-08,TX1777,AI Marketing Agent,1057.71,665.66
2024-08-08,TX1778,Managed Database Storage,325.98,225.21
2024-08-08,TX1779,Security Firewall Shield,1534.37,1027.75
2024-08-08,TX1780,CRM Enterprise Suite,2167.81,1516.8
2024-08-08,TX1780,Support Premium SLA,741.31,446.72
2024-08-08,TX1780,Consulting Implementation Package,4164.8,2769.92
2024-08-08,TX1781,Serverless GPU Cluster,3049.22,1860.91
2024-08-09,TX1782,Support Premium SLA,1946.41,1210.63
2024-08-09,TX1783,AI Marketing Agent,2833.54,1825.16
2024-08-09,TX1784,Serverless GPU Cluster,6971.78,4748.14
2024-08-09,TX1785,Support Premium SLA,1798.19,1254.44
2024-08-10,TX1786,Security Firewall Shield,3878.24,2579.96
2024-08-10,TX1787,Elastic VPS Compute Instance,1236.2,757.38
2024-08-10,TX1788,AI Marketing Agent,3242.22,1988.14
2024-08-10,TX1789,Elastic VPS Compute Instance,1459.09,963.93
2024-08-10,TX1789,Managed Database Storage,1002.57,587.32
2024-08-10,TX1790,Security Firewall Shield,3854.3,2183.74
2024-08-11,TX1791,BI Analytics Platform,4389.39,2647.65
2024-08-11,TX1792,Security Firewall Shield,3296.1,1954.87
2024-08-11,TX1793,BI Analytics Platform,4529.34,2692.45
2024-08-11,TX1793,AI Marketing Agent,2440.58,1427.84
2024-08-11,TX1794,AI Marketing Agent,2457.41,1367.09
2024-08-12,TX1795,CRM Enterprise Suite,5000.89,2763.9
2024-08-12,TX1795,Support Premium SLA,1814.39,1266.73
2024-08-12,TX1795,Consulting Implementation Package,8477.65,5206.68
2024-08-12,TX1796,Security Firewall Shield,3705.76,2251.8
2024-08-13,TX1797,CRM Enterprise Suite,3585.0,2337.23
2024-08-13,TX1797,Support Premium SLA,1305.31,760.65
2024-08-13,TX1797,Consulting Implementation Package,6888.48,4770.23
2024-08-13,TX1798,BI Analytics Platform,2860.94,1910.97
2024-08-14,TX1799,Support Premium SLA,1390.76,783.57
2024-08-14,TX1800,AI Marketing Agent,1987.21,1217.44
2024-08-14,TX1801,BI Analytics Platform,3301.74,2251.35
2024-08-14,TX1801,AI Marketing Agent,2122.72,1468.31
2024-08-14,TX1802,AI Marketing Agent,2005.74,1243.78
2024-08-14,TX1803,AI Marketing Agent,2388.25,1533.28
2024-08-15,TX1804,Security Firewall Shield,3236.18,1860.98
2024-08-15,TX1805,Serverless GPU Cluster,6170.09,4310.89
2024-08-15,TX1805,Security Firewall Shield,3122.98,1826.16
2024-08-15,TX1806,Security Firewall Shield,2936.11,2030.06
2024-08-15,TX1807,Elastic VPS Compute Instance,1093.35,707.89
2024-08-15,TX1807,Managed Database Storage,818.54,524.82
2024-08-15,TX1808,Managed Database Storage,707.3,443.41
2024-08-16,TX1809,Security Firewall Shield,4153.97,2428.41
2024-08-16,TX1810,Elastic VPS Compute Instance,1301.31,750.18
2024-08-16,TX1810,Managed Database Storage,1028.36,599.61
2024-08-16,TX1811,Managed Database Storage,1017.85,588.28
2024-08-16,TX1812,Elastic VPS Compute Instance,1334.95,890.33
2024-08-16,TX1812,Managed Database Storage,913.02,550.11
2024-08-16,TX1813,Security Firewall Shield,3934.22,2197.96
2024-08-17,TX1814,AI Marketing Agent,2640.62,1836.2
2024-08-17,TX1815,Consulting Implementation Package,7987.16,5451.78
2024-08-17,TX1816,Serverless GPU Cluster,5843.37,4027.03
2024-08-18,TX1817,Security Firewall Shield,13215.26,9240.59
2024-08-18,TX1818,Managed Database Storage,2753.65,1586.33
2024-08-19,TX1819,Support Premium SLA,4287.17,2612.76
2024-08-19,TX1820,BI Analytics Platform,10007.37,6642.25
2024-08-19,TX1821,Managed Database Storage,1963.19,1284.72
2024-08-20,TX1822,Consulting Implementation Package,7493.34,4294.32
2024-08-20,TX1823,Security Firewall Shield,2900.52,1950.24
2024-08-20,TX1824,Serverless GPU Cluster,4910.29,2865.97
2024-08-21,TX1825,Elastic VPS Compute Instance,2879.27,1680.26
2024-08-21,TX1825,Managed Database Storage,2265.1,1428.25
2024-08-21,TX1826,AI Marketing Agent,8136.64,5198.83
2024-08-22,TX1827,AI Marketing Agent,2918.65,1859.22
2024-08-22,TX1828,Managed Database Storage,990.81,558.54
2024-08-22,TX1829,Elastic VPS Compute Instance,1226.39,835.93
2024-08-22,TX1829,Managed Database Storage,830.03,489.58
2024-08-22,TX1830,Serverless GPU Cluster,7880.05,4487.12
2024-08-22,TX1830,Security Firewall Shield,3476.96,2375.85
2024-08-23,TX1831,CRM Enterprise Suite,3177.29,2202.97
2024-08-23,TX1831,Support Premium SLA,1074.85,730.17
2024-08-23,TX1831,Consulting Implementation Package,5177.86,3476.56
2024-08-23,TX1832,AI Marketing Agent,1482.01,960.77
2024-08-23,TX1833,Managed Database Storage,440.47,278.65
2024-08-23,TX1834,BI Analytics Platform,2594.43,1460.79
2024-08-23,TX1834,AI Marketing Agent,1528.95,934.6
2024-08-24,TX1835,Consulting Implementation Package,6246.01,3784.48
2024-08-24,TX1836,Serverless GPU Cluster,4989.85,2938.84
2024-08-24,TX1836,Security Firewall Shield,2736.68,1802.14
2024-08-25,TX1837,Serverless GPU Cluster,3321.74,2074.03
2024-08-25,TX1837,Security Firewall Shield,1572.86,884.19
2024-08-25,TX1838,Consulting Implementation Package,4098.46,2389.51
2024-08-25,TX1839,CRM Enterprise Suite,2415.68,1576.2
2024-08-25,TX1839,Support Premium SLA,820.77,460.8
2024-08-25,TX1840,Consulting Implementation Package,4018.44,2723.22
2024-08-26,TX1841,AI Marketing Agent,1377.24,859.77
2024-08-26,TX1842,Serverless GPU Cluster,3119.29,1940.47
2024-08-26,TX1842,Security Firewall Shield,1655.83,1057.85
2024-08-26,TX1843,Elastic VPS Compute Instance,561.37,378.2
2024-08-26,TX1843,Managed Database Storage,385.06,231.87
2024-08-26,TX1844,CRM Enterprise Suite,2425.59,1580.76
2024-08-26,TX1844,Support Premium SLA,913.68,580.06
2024-08-26,TX1844,Consulting Implementation Package,3956.2,2334.37
2024-08-27,TX1845,Support Premium SLA,2288.75,1560.46
2024-08-27,TX1846,Elastic VPS Compute Instance,1568.52,1050.3
2024-08-27,TX1846,Managed Database Storage,1149.37,745.67
2024-08-27,TX1847,AI Marketing Agent,3171.99,2149.3
2024-08-27,TX1848,Consulting Implementation Package,12222.97,8312.77
2024-08-28,TX1849,Security Firewall Shield,11370.98,7462.26
2024-08-28,TX1850,Support Premium SLA,5613.65,3792.31
2024-08-29,TX1851,Support Premium SLA,2433.81,1593.22
2024-08-29,TX1852,Consulting Implementation Package,11616.05,7573.91
2024-08-30,TX1853,Consulting Implementation Package,5116.91,3289.11
2024-08-30,TX1854,AI Marketing Agent,1529.86,1014.16
2024-08-30,TX1855,CRM Enterprise Suite,2710.45,1555.23
2024-08-30,TX1855,Support Premium SLA,955.15,651.54
2024-08-30,TX1856,Serverless GPU Cluster,3425.28,2331.85
2024-08-30,TX1856,Security Firewall Shield,1805.73,1001.07
2024-08-31,TX1857,Managed Database Storage,616.21,415.25
2024-08-31,TX1858,Serverless GPU Cluster,4521.5,2574.23
2024-08-31,TX1858,Security Firewall Shield,2196.03,1318.21
2024-08-31,TX1859,Serverless GPU Cluster,4887.02,3232.89
2024-08-31,TX1859,Security Firewall Shield,2266.62,1301.3
2024-09-01,TX1860,CRM Enterprise Suite,4000.14,2690.87
2024-09-01,TX1860,Support Premium SLA,1366.91,922.42
2024-09-01,TX1860,Consulting Implementation Package,7166.36,4487.0
2024-09-01,TX1861,Elastic VPS Compute Instance,821.58,452.66
2024-09-01,TX1861,Managed Database Storage,587.44,348.38
2024-09-02,TX1862,Support Premium SLA,2298.07,1476.6
2024-09-02,TX1863,Consulting Implementation Package,11653.17,8124.33
2024-09-03,TX1864,Support Premium SLA,943.7,608.47
2024-09-03,TX1865,Serverless GPU Cluster,4038.74,2378.7
2024-09-03,TX1866,Support Premium SLA,933.42,602.15
2024-09-03,TX1867,Serverless GPU Cluster,3787.97,2390.2
2024-09-03,TX1868,Serverless GPU Cluster,3416.59,2278.79
2024-09-03,TX1868,Security Firewall Shield,1952.7,1105.32
2024-09-04,TX1869,Serverless GPU Cluster,5191.42,3447.9
2024-09-04,TX1870,Consulting Implementation Package,7477.52,4719.74
2024-09-04,TX1871,Support Premium SLA,1419.49,985.76
2024-09-04,TX1872,Elastic VPS Compute Instance,879.36,528.74
2024-09-04,TX1872,Managed Database Storage,605.33,390.37
2024-09-04,TX1873,Managed Database Storage,639.82,441.35
2024-09-05,TX1874,Managed Database Storage,1227.73,694.13
2024-09-05,TX1875,BI Analytics Platform,5958.88,4115.11
2024-09-05,TX1875,AI Marketing Agent,4083.28,2667.13
2024-09-05,TX1876,Security Firewall Shield,4246.99,2379.06
2024-09-06,TX1877,Support Premium SLA,1821.15,1083.85
2024-09-06,TX1878,AI Marketing Agent,3214.43,2109.39
2024-09-06,TX1879,Consulting Implementation Package,9791.53,5484.26
2024-09-07,TX1880,AI Marketing Agent,8900.88,5672.76
2024-09-07,TX1881,Elastic VPS Compute Instance,4235.7,2549.39
2024-09-07,TX1881,Managed Database Storage,3044.01,1957.72
2024-09-08,TX1882,Consulting Implementation Package,11525.1,6417.88
2024-09-08,TX1883,BI Analytics Platform,5925.61,4033.74
2024-09-09,TX1884,Serverless GPU Cluster,5774.75,4019.36
2024-09-09,TX1884,Security Firewall Shield,2653.6,1845.13
2024-09-09,TX1885,Managed Database Storage,572.28,379.11
2024-09-09,TX1886,BI Analytics Platform,3204.42,1824.96
2024-09-09,TX1886,AI Marketing Agent,2115.6,1404.21
2024-09-10,TX1887,CRM Enterprise Suite,2959.22,1638.48
2024-09-10,TX1887,Support Premium SLA,1125.06,622.52
2024-09-10,TX1887,Consulting Implementation Package,4747.34,2841.48
2024-09-10,TX1888,Serverless GPU Cluster,3708.04,2311.21
2024-09-10,TX1888,Security Firewall Shield,1756.9,1169.32
2024-09-10,TX1889,CRM Enterprise Suite,3242.98,2116.03
2024-09-10,TX1890,Managed Database Storage,468.01,288.71
2024-09-11,TX1891,Managed Database Storage,2574.09,1521.4
2024-09-11,TX1892,CRM Enterprise Suite,15595.14,10909.87
2024-09-12,TX1893,Serverless GPU Cluster,3274.02,2010.01
2024-09-12,TX1894,BI Analytics Platform,1995.67,1232.74
2024-09-12,TX1895,Security Firewall Shield,1515.47,870.7
2024-09-12,TX1896,Consulting Implementation Package,4116.11,2754.59
2024-09-12,TX1897,CRM Enterprise Suite,2324.8,1520.54
2024-09-13,TX1898,CRM Enterprise Suite,1952.49,1138.53
2024-09-13,TX1898,Support Premium SLA,542.28,304.96
2024-09-13,TX1898,Consulting Implementation Package,3219.95,2099.65
2024-09-13,TX1899,Serverless GPU Cluster,2306.06,1494.73
2024-09-13,TX1899,Security Firewall Shield,1087.62,642.77
2024-09-13,TX1900,Consulting Implementation Package,3171.57,2196.72
2024-09-13,TX1901,BI Analytics Platform,1468.07,840.7
2024-09-13,TX1901,AI Marketing Agent,926.83,569.86
2024-09-13,TX1902,Support Premium SLA,619.72,428.56
2024-09-14,TX1903,CRM Enterprise Suite,3729.04,2285.75
2024-09-14,TX1903,Support Premium SLA,1217.34,786.13
2024-09-14,TX1903,Consulting Implementation Package,6233.66,3800.28
2024-09-14,TX1904,Support Premium SLA,1056.5,624.53
2024-09-14,TX1905,Security Firewall Shield,2341.68,1633.55
2024-09-15,TX1906,Elastic VPS Compute Instance,2104.04,1286.41
2024-09-15,TX1906,Managed Database Storage,1608.3,1100.26
2024-09-15,TX1907,Support Premium SLA,3760.54,2198.01
2024-09-15,TX1908,BI Analytics Platform,8463.68,4925.57
2024-09-16,TX1909,Managed Database Storage,4356.79,2416.58
2024-09-16,TX1910,AI Marketing Agent,13609.23,8815.38
2024-09-17,TX1911,Support Premium SLA,11594.73,7018.05
2024-09-17,TX1912,Managed Database Storage,5009.31,3404.6
2024-09-18,TX1913,CRM Enterprise Suite,3544.67,2201.17
2024-09-18,TX1913,Support Premium SLA,1037.53,721.32
2024-09-18,TX1913,Consulting Implementation Package,6241.68,3606.62
2024-09-18,TX1914,AI Marketing Agent,1836.41,1249.3
2024-09-18,TX1915,Managed Database Storage,464.99,309.91
2024-09-19,TX1916,CRM Enterprise Suite,3914.14,2605.4
2024-09-19,TX1916,Support Premium SLA,1235.41,836.02
2024-09-19,TX1916,Consulting Implementation Package,6553.34,4352.42
2024-09-19,TX1917,Managed Database Storage,539.28,347.26
2024-09-19,TX1918,CRM Enterprise Suite,3453.55,1967.44
2024-09-20,TX1919,Support Premium SLA,1608.28,892.4
2024-09-20,TX1920,AI Marketing Agent,2382.57,1639.51
2024-09-20,TX1921,AI Marketing Agent,2637.15,1694.36
2024-09-20,TX1922,Consulting Implementation Package,8113.66,5431.94
2024-09-21,TX1923,Elastic VPS Compute Instance,1877.37,1168.15
2024-09-21,TX1923,Managed Database Storage,1406.34,798.23
2024-09-21,TX1924,BI Analytics Platform,8277.73,4708.19
2024-09-21,TX1924,AI Marketing Agent,5137.95,3354.23
2024-09-21,TX1925,Managed Database Storage,1409.33,866.1
2024-09-22,TX1926,BI Analytics Platform,2112.85,1225.62
2024-09-22,TX1927,Serverless GPU Cluster,3782.53,2359.31
2024-09-22,TX1927,Security Firewall Shield,1600.43,895.65
2024-09-22,TX1928,Serverless GPU Cluster,3229.68,2058.26
2024-09-22,TX1928,Security Firewall Shield,1889.15,1115.26
2024-09-22,TX1929,Managed Database Storage,413.6,276.96
2024-09-22,TX1930,AI Marketing Agent,1443.25,860.98
2024-09-23,TX1931,AI Marketing Agent,1996.2,1234.22
2024-09-23,TX1932,CRM Enterprise Suite,4350.35,2400.28
2024-09-23,TX1932,Support Premium SLA,1333.2,747.75
2024-09-23,TX1933,CRM Enterprise Suite,4389.27,2672.51
2024-09-23,TX1933,Support Premium SLA,1382.44,859.86
2024-09-24,TX1934,AI Marketing Agent,1751.52,1120.98
2024-09-24,TX1935,Consulting Implementation Package,5984.78,3553.46
2024-09-24,TX1936,Consulting Implementation Package,6629.87,4337.57
2024-09-25,TX1937,Managed Database Storage,646.9,439.26
2024-09-25,TX1938,Support Premium SLA,1637.34,1092.07
2024-09-25,TX1939,CRM Enterprise Suite,4184.2,2326.18
2024-09-25,TX1939,Support Premium SLA,1665.4,1036.01
2024-09-25,TX1940,Security Firewall Shield,2692.64,1523.33
2024-09-25,TX1941,Security Firewall Shield,3013.78,1767.0
2024-09-26,TX1942,Support Premium SLA,1072.29,748.46
2024-09-26,TX1943,Security Firewall Shield,2068.77,1182.04
2024-09-26,TX1944,CRM Enterprise Suite,3236.67,2022.38
2024-09-26,TX1944,Support Premium SLA,1048.24,673.73
2024-09-26,TX1945,BI Analytics Platform,2329.81,1526.89
2024-09-26,TX1945,AI Marketing Agent,1734.51,1099.59
2024-09-27,TX1946,Elastic VPS Compute Instance,2706.48,1492.53
2024-09-27,TX1947,Security Firewall Shield,9824.91,5884.82
2024-09-28,TX1948,AI Marketing Agent,992.21,622.77
2024-09-28,TX1949,Consulting Implementation Package,3497.38,1969.65
2024-09-28,TX1950,Consulting Implementation Package,3363.31,2026.71
2024-09-28,TX1951,Security Firewall Shield,1317.99,731.46
2024-09-28,TX1952,CRM Enterprise Suite,2077.4,1167.06
2024-09-28,TX1952,Support Premium SLA,706.15,430.43
2024-09-29,TX1953,Serverless GPU Cluster,2994.63,1706.66
2024-09-29,TX1954,BI Analytics Platform,1934.14,1228.43
2024-09-29,TX1955,BI Analytics Platform,1886.44,1232.64
2024-09-29,TX1956,Serverless GPU Cluster,3111.45,2084.95
2024-09-29,TX1956,Security Firewall Shield,1391.15,806.9
2024-09-30,TX1957,Elastic VPS Compute Instance,556.99,320.34
2024-09-30,TX1957,Managed Database Storage,415.12,234.83
2024-09-30,TX1958,Consulting Implementation Package,4373.77,2823.11
2024-09-30,TX1959,Managed Database Storage,420.24,275.67
2024-09-30,TX1960,Serverless GPU Cluster,3428.05,1901.67
2024-09-30,TX1960,Security Firewall Shield,1767.39,1220.26
2024-10-01,TX1961,Security Firewall Shield,2394.78,1335.8
2024-10-01,TX1962,Serverless GPU Cluster,5364.43,3386.0
2024-10-01,TX1963,BI Analytics Platform,3577.78,2348.31
2024-10-01,TX1963,AI Marketing Agent,2176.62,1481.51
2024-10-02,TX1964,Managed Database Storage,2044.43,1343.42
2024-10-02,TX1965,BI Analytics Platform,11158.42,7479.03
2024-10-03,TX1966,Managed Database Storage,1536.46,923.29
2024-10-03,TX1967,CRM Enterprise Suite,10538.61,7084.3
2024-10-03,TX1968,Support Premium SLA,3513.24,1974.5
2024-10-04,TX1969,Elastic VPS Compute Instance,569.92,389.95
2024-10-04,TX1969,Managed Database Storage,384.08,242.79
2024-10-04,TX1970,Elastic VPS Compute Instance,541.24,364.04
2024-10-04,TX1971,Elastic VPS Compute Instance,546.64,337.74
2024-10-04,TX1972,Consulting Implementation Package,4397.08,2842.87
2024-10-04,TX1973,Consulting Implementation Package,4494.63,2826.94
2024-10-05,TX1974,Security Firewall Shield,2151.38,1419.35
2024-10-05,TX1975,Support Premium SLA,1133.43,637.26
2024-10-05,TX1976,Consulting Implementation Package,6481.05,3623.25
2024-10-05,TX1977,AI Marketing Agent,1687.84,990.87
2024-10-06,TX1978,Security Firewall Shield,9288.06,5330.71
2024-10-06,TX1979,Managed Database Storage,2227.58,1516.46
2024-10-07,TX1980,Support Premium SLA,699.01,407.44
2024-10-07,TX1981,Serverless GPU Cluster,2807.01,1954.75
2024-10-07,TX1981,Security Firewall Shield,1376.8,826.82
2024-10-07,TX1982,CRM Enterprise Suite,2091.26,1207.32
2024-10-07,TX1982,Support Premium SLA,660.77,441.69
2024-10-07,TX1982,Consulting Implementation Package,3560.38,2310.0
2024-10-07,TX1983,BI Analytics Platform,1508.42,942.35
2024-10-07,TX1983,AI Marketing Agent,1118.68,708.47
2024-10-07,TX1984,BI Analytics Platform,1822.09,1198.72
2024-10-08,TX1985,Elastic VPS Compute Instance,716.58,418.67
2024-10-08,TX1985,Managed Database Storage,538.22,376.46
2024-10-08,TX1986,Consulting Implementation Package,5023.77,3497.64
2024-10-08,TX1987,BI Analytics Platform,2697.66,1746.87
2024-10-08,TX1988,Elastic VPS Compute Instance,627.89,364.13
2024-10-08,TX1988,Managed Database Storage,459.04,299.31
2024-10-08,TX1989,AI Marketing Agent,1728.74,969.53
2024-10-09,TX1990,Elastic VPS Compute Instance,1228.98,681.59
2024-10-09,TX1990,Managed Database Storage,910.29,535.84
2024-10-09,TX1991,Security Firewall Shield,3922.84,2429.78
2024-10-09,TX1992,BI Analytics Platform,4114.92,2799.14
2024-10-09,TX1992,AI Marketing Agent,2667.42,1758.03
2024-10-09,TX1993,Support Premium SLA,2001.26,1323.65
2024-10-10,TX1994,AI Marketing Agent,2187.73,1342.88
2024-10-10,TX1995,CRM Enterprise Suite,4165.91,2507.42
2024-10-11,TX1996,Managed Database Storage,660.23,399.87
2024-10-11,TX1997,Security Firewall Shield,3143.5,2194.63
2024-10-11,TX1998,BI Analytics Platform,3640.32,2024.08
2024-10-11,TX1998,AI Marketing Agent,2569.41,1747.34
2024-10-12,TX1999,BI Analytics Platform,3684.62,2346.37
2024-10-12,TX2000,BI Analytics Platform,3092.56,1904.37
2024-10-12,TX2001,Consulting Implementation Package,7080.69,4664.68
2024-10-12,TX2002,AI Marketing Agent,2314.23,1441.77
2024-10-13,TX2003,Managed Database Storage,1656.76,1128.28
2024-10-13,TX2004,Managed Database Storage,1926.46,1319.83
2024-10-13,TX2005,Security Firewall Shield,6830.09,4188.61
2024-10-14,TX2006,CRM Enterprise Suite,2330.34,1378.45
2024-10-14,TX2006,Support Premium SLA,670.53,428.37
2024-10-14,TX2006,Consulting Implementation Package,3465.46,2380.27
2024-10-14,TX2007,Consulting Implementation Package,3943.32,2293.43
2024-10-14,TX2008,Elastic VPS Compute Instance,421.98,271.52
2024-10-14,TX2008,Managed Database Storage,345.6,222.82
2024-10-14,TX2009,Security Firewall Shield,1325.89,875.04
2024-10-14,TX2010,Support Premium SLA,804.14,458.15
2024-10-15,TX2011,AI Marketing Agent,1026.08,674.52
2024-10-15,TX2012,BI Analytics Platform,1785.56,1225.53
2024-10-15,TX2012,AI Marketing Agent,1045.11,602.98
2024-10-15,TX2013,Support Premium SLA,803.96,470.82
2024-10-15,TX2014,CRM Enterprise Suite,2080.62,1447.51
2024-10-15,TX2015,BI Analytics Platform,1675.51,967.01
2024-10-15,TX2015,AI Marketing Agent,1200.04,813.82
2024-10-16,TX2016,Security Firewall Shield,2073.36,1293.45
2024-10-16,TX2017,Support Premium SLA,1024.13,601.25
2024-10-16,TX2018,Managed Database Storage,487.94,332.1
2024-10-16,TX2019,Elastic VPS Compute Instance,775.62,478.4
2024-10-16,TX2020,BI Analytics Platform,2498.08,1566.85
2024-10-16,TX2020,AI Marketing Agent,1583.52,956.26
2024-10-17,TX2021,Managed Database Storage,616.15,393.68
2024-10-17,TX2022,Serverless GPU Cluster,5405.9,3105.84
2024-10-17,TX2022,Security Firewall Shield,2554.32,1554.72
2024-10-17,TX2023,Managed Database Storage,642.68,446.93
2024-10-17,TX2024,Security Firewall Shield,2783.61,1638.77
2024-10-18,TX2025,Serverless GPU Cluster,2962.15,1920.99
2024-10-18,TX2025,Security Firewall Shield,1260.19,754.57
2024-10-18,TX2026,Consulting Implementation Package,3968.34,2643.0
2024-10-18,TX2027,Managed Database Storage,319.34,181.91
2024-10-18,TX2028,CRM Enterprise Suite,2055.13,1429.29
2024-10-18,TX2028,Support Premium SLA,744.16,459.94
2024-10-19,TX2029,Support Premium SLA,5586.26,3270.24
2024-10-19,TX2030,Elastic VPS Compute Instance,3257.17,1827.35
2024-10-19,TX2030,Managed Database Storage,2206.8,1269.93
2024-10-20,TX2031,Serverless GPU Cluster,5010.84,3146.64
2024-10-20,TX2032,AI Marketing Agent,1894.98,1138.03
2024-10-20,TX2033,Consulting Implementation Package,7476.27,5041.49
2024-10-20,TX2034,Managed Database Storage,665.03,408.75
2024-10-21,TX2035,CRM Enterprise Suite,3390.98,1991.55
2024-10-21,TX2035,Support Premium SLA,1108.33,712.18
2024-10-21,TX2036,AI Marketing Agent,1440.5,944.99
2024-10-21,TX2037,AI Marketing Agent,1596.59,918.13
2024-10-21,TX2038,Elastic VPS Compute Instance,644.68,370.78
2024-10-21,TX2038,Managed Database Storage,464.37,257.96
2024-10-21,TX2039,Managed Database Storage,431.64,285.08
2024-10-22,TX2040,BI Analytics Platform,4522.45,2937.65
2024-10-22,TX2040,AI Marketing Agent,2988.16,1856.23
2024-10-22,TX2041,AI Marketing Agent,2700.54,1827.25
2024-10-23,TX2042,CRM Enterprise Suite,3598.45,2414.02
2024-10-23,TX2042,Support Premium SLA,1435.03,915.27
2024-10-23,TX2043,Security Firewall Shield,2382.15,1620.44
2024-10-23,TX2044,BI Analytics Platform,3386.27,1967.0
2024-10-23,TX2044,AI Marketing Agent,1940.25,1099.71
2024-10-24,TX2045,Support Premium SLA,3001.01,1771.98
2024-10-24,TX2046,Elastic VPS Compute Instance,2099.81,1172.88
2024-10-24,TX2047,AI Marketing Agent,4292.62,2702.96
2024-10-24,TX2048,Elastic VPS Compute Instance,2020.98,1395.47
2024-10-24,TX2048,Managed Database Storage,1451.02,806.62
2024-10-25,TX2049,AI Marketing Agent,1376.92,782.53
2024-10-25,TX2050,Serverless GPU Cluster,3317.23,2049.48
2024-10-25,TX2051,Elastic VPS Compute Instance,545.62,376.52
2024-10-25,TX2052,BI Analytics Platform,2231.82,1333.34
2024-10-25,TX2052,AI Marketing Agent,1344.29,841.64
2024-10-26,TX2053,Managed Database Storage,3156.97,1756.02
2024-10-26,TX2054,Support Premium SLA,8129.83,4652.31
2024-10-27,TX2055,Security Firewall Shield,5195.27,3626.27
2024-10-27,TX2056,Security Firewall Shield,5094.01,3539.15
2024-10-28,TX2057,AI Marketing Agent,816.75,449.82
2024-10-28,TX2058,BI Analytics Platform,1182.92,819.49
2024-10-28,TX2058,AI Marketing Agent,758.06,489.61
2024-10-28,TX2059,Support Premium SLA,549.0,373.42
2024-10-28,TX2060,Consulting Implementation Package,2471.37,1527.83
2024-10-28,TX2061,CRM Enterprise Suite,1646.01,1032.61
2024-10-29,TX2062,AI Marketing Agent,2473.34,1541.7
2024-10-29,TX2063,Managed Database Storage,688.42,447.49
2024-10-29,TX2064,Elastic VPS Compute Instance,1037.12,592.14
2024-10-29,TX2064,Managed Database Storage,701.83,389.16
2024-10-29,TX2065,CRM Enterprise Suite,4647.7,2770.91
2024-10-29,TX2066,Elastic VPS Compute Instance,1097.71,719.77
2024-10-29,TX2066,Managed Database Storage,761.9,442.11
2024-10-30,TX2067,Elastic VPS Compute Instance,1267.46,825.14
2024-10-30,TX2068,BI Analytics Platform,4687.03,3259.77
2024-10-30,TX2068,AI Marketing Agent,3131.89,1766.65
2024-10-31,TX2069,Elastic VPS Compute Instance,993.66,646.76
2024-10-31,TX2069,Managed Database Storage,688.35,424.41
2024-10-31,TX2070,Consulting Implementation Package,7142.05,4858.17
2024-11-01,TX2071,Security Firewall Shield,2396.06,1381.5
2024-11-01,TX2072,Security Firewall Shield,2486.96,1626.21
2024-11-01,TX2073,Security Firewall Shield,2427.59,1640.36
2024-11-01,TX2074,Elastic VPS Compute Instance,873.75,604.37
2024-11-01,TX2074,Managed Database Storage,627.04,409.14
2024-11-02,TX2075,Elastic VPS Compute Instance,450.2,281.18
2024-11-02,TX2075,Managed Database Storage,347.67,223.44
2024-11-02,TX2076,AI Marketing Agent,1023.37,696.24
2024-11-02,TX2077,Consulting Implementation Package,3787.78,2407.48
2024-11-02,TX2078,CRM Enterprise Suite,2294.45,1272.41
2024-11-02,TX2078,Support Premium SLA,670.7,462.54
2024-11-02,TX2079,CRM Enterprise Suite,2054.05,1342.18
2024-11-03,TX2080,Elastic VPS Compute Instance,743.58,484.43
2024-11-03,TX2080,Managed Database Storage,484.81,282.33
2024-11-03,TX2081,Security Firewall Shield,2144.52,1391.43
2024-11-03,TX2082,Security Firewall Shield,2083.93,1269.28
2024-11-04,TX2083,Support Premium SLA,1487.97,963.74
2024-11-04,TX2084,Security Firewall Shield,2677.25,1515.29
2024-11-04,TX2085,Security Firewall Shield,2717.57,1762.82
2024-11-04,TX2086,Security Firewall Shield,2536.63,1775.42
2024-11-05,TX2087,Elastic VPS Compute Instance,2289.04,1275.53
2024-11-05,TX2087,Managed Database Storage,1667.23,1161.35
2024-11-05,TX2088,Support Premium SLA,3726.3,2276.9
2024-11-06,TX2089,Support Premium SLA,396.21,269.67
2024-11-06,TX2090,CRM Enterprise Suite,1070.61,714.48
2024-11-06,TX2090,Support Premium SLA,388.51,246.72
2024-11-06,TX2090,Consulting Implementation Package,1808.26,1194.84
2024-11-06,TX2091,CRM Enterprise Suite,1137.54,775.55
2024-11-06,TX2091,Support Premium SLA,335.27,204.72
2024-11-06,TX2092,BI Analytics Platform,844.92,506.15
2024-11-06,TX2093,Managed Database Storage,158.26,102.89
2024-11-07,TX2094,AI Marketing Agent,1468.78,985.81
2024-11-07,TX2095,Elastic VPS Compute Instance,566.21,376.16
2024-11-07,TX2095,Managed Database Storage,410.68,275.02
2024-11-07,TX2096,AI Marketing Agent,1596.09,982.13
2024-11-07,TX2097,CRM Enterprise Suite,2694.41,1812.46
2024-11-07,TX2097,Support Premium SLA,899.27,510.81
2024-11-08,TX2098,Security Firewall Shield,1823.91,1152.12
2024-11-08,TX2099,Elastic VPS Compute Instance,680.32,374.76
2024-11-08,TX2099,Managed Database Storage,407.61,244.03
2024-11-08,TX2100,CRM Enterprise Suite,2958.9,1790.04
2024-11-08,TX2101,AI Marketing Agent,1348.86,822.03
2024-11-08,TX2102,Elastic VPS Compute Instance,646.95,423.31
2024-11-08,TX2102,Managed Database Storage,420.27,255.64
2024-11-09,TX2103,Serverless GPU Cluster,1975.96,1219.77
2024-11-09,TX2104,CRM Enterprise Suite,1503.62,880.57
2024-11-09,TX2104,Support Premium SLA,475.3,288.03
2024-11-09,TX2104,Consulting Implementation Package,2545.6,1486.86
2024-11-09,TX2105,CRM Enterprise Suite,1520.06,852.72
2024-11-09,TX2105,Support Premium SLA,535.54,343.02
2024-11-10,TX2106,Support Premium SLA,2669.51,1735.8
2024-11-10,TX2107,Managed Database Storage,1197.66,770.0
2024-11-10,TX2108,Managed Database Storage,1197.72,742.02
2024-11-10,TX2109,Managed Database Storage,1299.83,788.96
2024-11-11,TX2110,Support Premium SLA,1056.75,718.06
2024-11-11,TX2111,CRM Enterprise Suite,3323.1,2086.45
2024-11-11,TX2111,Support Premium SLA,1103.09,685.99
2024-11-11,TX2112,Security Firewall Shield,2217.86,1228.35
2024-11-11,TX2113,Elastic VPS Compute Instance,627.66,377.34
2024-11-11,TX2113,Managed Database Storage,512.14,310.88
2024-11-12,TX2114,Support Premium SLA,2563.08,1563.03
2024-11-12,TX2115,Managed Database Storage,1155.29,735.95
2024-11-12,TX2116,AI Marketing Agent,4137.08,2606.53
2024-11-13,TX2117,Managed Database Storage,505.16,323.9
2024-11-13,TX2118,Support Premium SLA,1017.8,676.56
2024-11-13,TX2119,Security Firewall Shield,1934.96,1300.19
2024-11-13,TX2120,AI Marketing Agent,1542.54,1014.56
2024-11-13,TX2121,Managed Database Storage,544.56,377.56
2024-11-14,TX2122,CRM Enterprise Suite,5328.0,2944.97
2024-11-14,TX2122,Support Premium SLA,1731.09,1002.94
2024-11-14,TX2123,Elastic VPS Compute Instance,1075.54,592.77
2024-11-15,TX2124,Security Firewall Shield,1436.59,929.65
2024-11-15,TX2125,Support Premium SLA,759.41,519.97
2024-11-15,TX2126,CRM Enterprise Suite,2406.96,1411.74
2024-11-15,TX2126,Support Premium SLA,725.57,499.96
2024-11-15,TX2126,Consulting Implementation Package,3402.71,1902.25
2024-11-16,TX2127,Consulting Implementation Package,2685.8,1853.65
2024-11-16,TX2128,Consulting Implementation Package,2813.17,1695.62
2024-11-16,TX2129,Support Premium SLA,543.39,307.13
2024-11-17,TX2130,CRM Enterprise Suite,1964.09,1223.39
2024-11-17,TX2130,Support Premium SLA,673.72,396.5
2024-11-17,TX2130,Consulting Implementation Package,3071.66,1820.67
2024-11-17,TX2131,Support Premium SLA,642.89,383.22
2024-11-17,TX2132,BI Analytics Platform,1611.35,1080.34
2024-11-17,TX2132,AI Marketing Agent,916.91,578.45
2024-11-17,TX2133,Support Premium SLA,677.91,404.51
2024-11-17,TX2134,Security Firewall Shield,1241.03,796.18
2024-11-18,TX2135,Consulting Implementation Package,4152.07,2729.66
2024-11-18,TX2136,Consulting Implementation Package,4073.64,2407.09
2024-11-18,TX2137,Managed Database Storage,377.58,231.09
2024-11-18,TX2138,BI Analytics Platform,1838.2,1044.62
2024-11-18,TX2138,AI Marketing Agent,1058.63,611.01
2024-11-19,TX2139,Serverless GPU Cluster,1190.57,776.45
2024-11-19,TX2139,Security Firewall Shield,650.34,375.39
2024-11-19,TX2140,AI Marketing Agent,525.92,330.69
2024-11-19,TX2141,AI Marketing Agent,515.83,338.57
2024-11-19,TX2142,Support Premium SLA,314.32,177.92
2024-11-20,TX2143,Consulting Implementation Package,3765.01,2391.15
2024-11-20,TX2144,Consulting Implementation Package,4068.51,2394.25
2024-11-21,TX2145,Support Premium SLA,2051.48,1424.63
2024-11-21,TX2146,AI Marketing Agent,3554.24,2212.63
2024-11-22,TX2147,Security Firewall Shield,1871.51,1255.59
2024-11-22,TX2148,Elastic VPS Compute Instance,631.61,399.51
2024-11-22,TX2148,Managed Database Storage,401.76,223.58
2024-11-22,TX2149,BI Analytics Platform,2155.47,1390.22
2024-11-23,TX2150,AI Marketing Agent,1766.88,1223.94
2024-11-23,TX2151,AI Marketing Agent,1724.3,1103.97
2024-11-23,TX2152,Consulting Implementation Package,6233.05,4194.08
2024-11-24,TX2153,AI Marketing Agent,950.33,648.72
2024-11-24,TX2154,Serverless GPU Cluster,2184.63,1276.29
2024-11-24,TX2154,Security Firewall Shield,1029.12,598.75
2024-11-24,TX2155,AI Marketing Agent,930.88,597.3
2024-11-24,TX2156,Managed Database Storage,278.86,170.57
2024-11-24,TX2157,Serverless GPU Cluster,2082.68,1407.85
2024-11-25,TX2158,Serverless GPU Cluster,4093.87,2804.32
2024-11-25,TX2158,Security Firewall Shield,1972.26,1189.3
2024-11-25,TX2159,Elastic VPS Compute Instance,654.12,383.01
2024-11-25,TX2159,Managed Database Storage,437.87,292.09
2024-11-26,TX2160,Elastic VPS Compute Instance,751.01,444.01
2024-11-26,TX2160,Managed Database Storage,573.28,386.04
2024-11-26,TX2161,Serverless GPU Cluster,4659.81,2859.08
2024-11-26,TX2161,Security Firewall Shield,2393.23,1555.92
2024-11-26,TX2162,Managed Database Storage,559.2,315.57
2024-11-27,TX2163,Support Premium SLA,2589.64,1666.64
2024-11-27,TX2164,Security Firewall Shield,4721.47,2916.76
2024-11-28,TX2165,Consulting Implementation Package,2440.5,1557.02
2024-11-28,TX2166,Managed Database Storage,216.38,124.46
2024-11-28,TX2167,Security Firewall Shield,914.51,604.06
2024-11-28,TX2168,CRM Enterprise Suite,1379.5,937.26
2024-11-29,TX2169,Security Firewall Shield,2699.88,1572.71
2024-11-29,TX2170,Elastic VPS Compute Instance,790.3,446.01
2024-11-29,TX2171,Security Firewall Shield,2287.9,1266.46
2024-11-29,TX2172,Support Premium SLA,1266.82,818.74
2024-11-30,TX2173,Security Firewall Shield,1422.26,911.76
2024-11-30,TX2174,Support Premium SLA,802.24,507.02
2024-11-30,TX2175,AI Marketing Agent,1089.48,637.12
2024-11-30,TX2176,Consulting Implementation Package,4167.58,2536.54
2024-11-30,TX2177,CRM Enterprise Suite,2296.85,1468.08
2024-11-30,TX2177,Support Premium SLA,730.27,456.06
2024-12-01,TX2178,CRM Enterprise Suite,5290.88,3693.92
2024-12-01,TX2179,AI Marketing Agent,2695.8,1537.86
2024-12-02,TX2180,Elastic VPS Compute Instance,1000.51,654.61
2024-12-02,TX2180,Managed Database Storage,696.56,425.35
2024-12-02,TX2181,Serverless GPU Cluster,5320.04,3267.73
2024-12-02,TX2182,AI Marketing Agent,2384.75,1568.31
2024-12-03,TX2183,AI Marketing Agent,2960.36,1935.68
2024-12-03,TX2184,Managed Database Storage,862.54,602.65
2024-12-03,TX2185,Security Firewall Shield,3883.25,2210.58
2024-12-04,TX2186,Elastic VPS Compute Instance,615.78,348.3
2024-12-04,TX2186,Managed Database Storage,469.68,309.36
2024-12-04,TX2187,AI Marketing Agent,1683.79,1072.17
2024-12-04,TX2188,AI Marketing Agent,1536.72,908.39
2024-12-04,TX2189,Managed Database Storage,521.8,293.21
2024-12-05,TX2190,Support Premium SLA,2800.64,1576.34
2024-12-05,TX2191,Support Premium SLA,2544.34,1740.66
2024-12-06,TX2192,BI Analytics Platform,2624.22,1518.85
2024-12-06,TX2193,Elastic VPS Compute Instance,668.61,400.17
2024-12-06,TX2193,Managed Database Storage,522.72,305.27
2024-12-06,TX2194,Managed Database Storage,528.1,318.58
2024-12-06,TX2195,Managed Database Storage,484.57,271.56
2024-12-06,TX2196,CRM Enterprise Suite,3424.55,2150.13
2024-12-06,TX2196,Support Premium SLA,1122.0,628.48
2024-12-07,TX2197,Elastic VPS Compute Instance,661.99,443.57
2024-12-07,TX2198,Security Firewall Shield,1808.38,1058.01
2024-12-07,TX2199,Elastic VPS Compute Instance,610.56,385.26
2024-12-07,TX2199,Managed Database Storage,521.31,355.54
2024-12-07,TX2200,Serverless GPU Cluster,3754.85,2431.76
2024-12-07,TX2200,Security Firewall Shield,1860.35,1171.92
2024-12-08,TX2201,Serverless GPU Cluster,5343.23,3198.72
2024-12-08,TX2201,Security Firewall Shield,2969.09,1781.31
2024-12-08,TX2202,Security Firewall Shield,3013.55,1960.08
2024-12-08,TX2203,Managed Database Storage,659.95,461.38
2024-12-09,TX2204,Consulting Implementation Package,5387.0,3497.65
2024-12-09,TX2205,Elastic VPS Compute Instance,732.83,464.37
2024-12-09,TX2205,Managed Database Storage,498.99,329.13
2024-12-09,TX2206,Security Firewall Shield,2120.59,1314.3
2024-12-09,TX2207,AI Marketing Agent,1720.78,961.95
2024-12-10,TX2208,CRM Enterprise Suite,1933.97,1226.8
2024-12-10,TX2208,Support Premium SLA,590.93,409.89
2024-12-10,TX2209,Serverless GPU Cluster,2442.36,1407.52
2024-12-10,TX2209,Security Firewall Shield,1103.49,721.13
2024-12-10,TX2210,Serverless GPU Cluster,2166.05,1256.61
2024-12-11,TX2211,BI Analytics Platform,2219.04,1398.83
2024-12-11,TX2211,AI Marketing Agent,1323.12,746.9
2024-12-11,TX2212,BI Analytics Platform,1950.7,1204.67
2024-12-11,TX2212,AI Marketing Agent,1260.68,836.37
2024-12-11,TX2213,AI Marketing Agent,1225.89,738.15
2024-12-11,TX2214,Elastic VPS Compute Instance,526.04,341.79
2024-12-11,TX2214,Managed Database Storage,386.82,258.91
2024-12-11,TX2215,BI Analytics Platform,1946.64,1341.38
2024-12-12,TX2216,Elastic VPS Compute Instance,358.83,209.99
2024-12-12,TX2216,Managed Database Storage,278.53,169.87
2024-12-12,TX2217,Security Firewall Shield,1025.67,587.57
2024-12-12,TX2218,Serverless GPU Cluster,2380.0,1663.32
2024-12-13,TX2219,AI Marketing Agent,3929.14,2707.37
2024-12-13,TX2220,Support Premium SLA,3117.33,1967.02
2024-12-14,TX2221,Security Firewall Shield,4446.45,3007.16
2024-12-14,TX2222,AI Marketing Agent,2992.42,1879.67
2024-12-15,TX2223,Serverless GPU Cluster,1814.11,1167.45
2024-12-15,TX2224,Elastic VPS Compute Instance,286.69,161.51
2024-12-15,TX2224,Managed Database Storage,220.28,146.11
2024-12-15,TX2225,Serverless GPU Cluster,1807.13,1028.54
2024-12-16,TX2226,Elastic VPS Compute Instance,659.35,444.34
2024-12-16,TX2226,Managed Database Storage,469.64,313.39
2024-12-16,TX2227,Security Firewall Shield,2237.9,1468.76
2024-12-16,TX2228,Consulting Implementation Package,5577.64,3097.96
2024-12-17,TX2229,Elastic VPS Compute Instance,872.45,519.52
2024-12-17,TX2229,Managed Database Storage,660.92,389.59
2024-12-17,TX2230,AI Marketing Agent,2089.89,1262.34
2024-12-17,TX2231,Support Premium SLA,1485.73,836.68
2024-12-17,TX2232,Elastic VPS Compute Instance,943.59,651.59
2024-12-17,TX2232,Managed Database Storage,594.55,376.39
2024-12-18,TX2233,CRM Enterprise Suite,1416.64,844.07
2024-12-18,TX2233,Support Premium SLA,460.37,280.62
2024-12-18,TX2233,Consulting Implementation Package,2601.44,1605.3
2024-12-18,TX2234,AI Marketing Agent,673.98,431.41
2024-12-18,TX2235,Consulting Implementation Package,2392.19,1500.74
2024-12-18,TX2236,AI Marketing Agent,773.98,532.43
2024-12-18,TX2237,Elastic VPS Compute Instance,284.8,177.87
2024-12-18,TX2237,Managed Database Storage,202.58,141.57
2024-12-19,TX2238,Security Firewall Shield,2431.46,1647.83
2024-12-19,TX2239,Managed Database Storage,682.24,396.57
2024-12-19,TX2240,Elastic VPS Compute Instance,814.94,561.97
2024-12-19,TX2240,Managed Database Storage,592.41,336.17
2024-12-19,TX2241,Consulting Implementation Package,6320.18,4251.06
2024-12-20,TX2242,AI Marketing Agent,1889.03,1146.82
2024-12-20,TX2243,Serverless GPU Cluster,5344.83,3643.55
2024-12-21,TX2244,Managed Database Storage,949.25,645.69
2024-12-21,TX2245,BI Analytics Platform,4896.19,3284.8
2024-12-21,TX2246,Managed Database Storage,953.37,637.33
2024-12-21,TX2247,Elastic VPS Compute Instance,1489.85,887.51
2024-12-22,TX2248,Managed Database Storage,2587.32,1454.43
2024-12-22,TX2249,Elastic VPS Compute Instance,3420.94,2088.3
2024-12-22,TX2249,Managed Database Storage,2319.28,1335.97
2024-12-22,TX2250,Managed Database Storage,2454.01,1605.52
2024-12-23,TX2251,Managed Database Storage,192.74,116.01
2024-12-23,TX2252,CRM Enterprise Suite,1250.96,871.1
2024-12-23,TX2252,Support Premium SLA,414.77,268.0
2024-12-23,TX2252,Consulting Implementation Package,2077.35,1398.83
2024-12-23,TX2253,Elastic VPS Compute Instance,286.38,163.2
2024-12-23,TX2253,Managed Database Storage,204.29,138.77
2024-12-23,TX2254,AI Marketing Agent,685.52,471.92
2024-12-23,TX2255,CRM Enterprise Suite,1409.37,878.12
2024-12-23,TX2255,Support Premium SLA,472.15,302.62
2024-12-24,TX2256,Serverless GPU Cluster,6413.62,4263.27
2024-12-24,TX2256,Security Firewall Shield,3124.04,1800.15
2024-12-24,TX2257,AI Marketing Agent,2640.75,1651.49
2024-12-25,TX2258,AI Marketing Agent,3623.15,2209.39
2024-12-25,TX2259,BI Analytics Platform,6005.21,3434.72
2024-12-26,TX2260,Security Firewall Shield,756.1,457.54
2024-12-26,TX2261,CRM Enterprise Suite,1073.66,601.49
2024-12-26,TX2261,Support Premium SLA,368.52,204.11
2024-12-26,TX2261,Consulting Implementation Package,1824.14,1040.26
2024-12-26,TX2262,Support Premium SLA,392.93,272.88
2024-12-26,TX2263,Consulting Implementation Package,1699.86,1075.04
2024-12-26,TX2264,Support Premium SLA,372.45,258.81
2024-12-27,TX2265,CRM Enterprise Suite,2654.07,1631.92
2024-12-27,TX2265,Support Premium SLA,896.97,535.29
2024-12-27,TX2265,Consulting Implementation Package,4799.06,3003.83
2024-12-27,TX2266,Support Premium SLA,936.44,576.78
2024-12-28,TX2267,Serverless GPU Cluster,3259.6,1844.44
2024-12-28,TX2267,Security Firewall Shield,1436.53,928.18
2024-12-28,TX2268,BI Analytics Platform,2095.62,1220.5
2024-12-28,TX2268,AI Marketing Agent,1315.46,845.76
2024-12-28,TX2269,Support Premium SLA,831.11,538.17
2024-12-28,TX2270,BI Analytics Platform,2100.24,1203.03
2024-12-28,TX2271,Security Firewall Shield,1391.67,778.23
2024-12-29,TX2272,Support Premium SLA,3823.17,2550.49
2024-12-29,TX2273,Elastic VPS Compute Instance,2427.79,1502.73
2024-12-29,TX2273,Managed Database Storage,1898.67,1060.83
2024-12-30,TX2274,Support Premium SLA,5645.73,3947.66
2024-12-30,TX2275,Support Premium SLA,6376.08,3562.11
2024-12-31,TX2276,Managed Database Storage,569.16,372.38
2024-12-31,TX2277,Consulting Implementation Package,6598.19,4602.58
2024-12-31,TX2278,AI Marketing Agent,1877.64,1100.07
